"","x"
"1","dua menteri terlibat bisnis r harga tes r ditentukan saat rat kabinet merintah tak ka dengan rakyat"
"2","rtselainint antisisi kementerian bumnbumn juga turut berikan dukungan dan serta koordinasi dengan berbagai h"
"3","rtselainint antisisi kementerian bumnbumn juga turut berikan dukungan dan serta koordinasi dengan berbagai h"
"4","rtselainint antisisi kementerian bumnbumn juga turut berikan dukungan dan serta koordinasi dengan berbagai h"
"5","rtselainint antisisi kementerian bumnbumn juga turut berikan dukungan dan serta koordinasi dengan berbagai h"
"6","rtselainint antisisi kementerian bumnbumn juga turut berikan dukungan dan serta koordinasi dengan berbagai h"
"7","rtselainint antisisi kementerian bumnbumn juga turut berikan dukungan dan serta koordinasi dengan berbagai h"
"8","rtselainint antisisi kementerian bumnbumn juga turut berikan dukungan dan serta koordinasi dengan berbagai h"
"9","rtselainint antisisi kementerian bumnbumn juga turut berikan dukungan dan serta koordinasi dengan berbagai h"
"10","selainint antisisi kementerian bumnbumn juga turut berikan dukungan dan serta koordinasi dengan berbaga "
"11","bisnis r ini akibat merintah dulu "
"12","merintah mengambi untung dari rakyat dengan bisnis r dalam bungkus nanganan bencana covid rakyat b "
"13","buat r gratis baru saya yakin merintah membantu rakyat ta kalau r berbayar bisnis juga itu g "
"14","kirin rakyat tes r buat transrtasi kalau gratis ngak masalah ini bayat rakyat tercekikjangan "
"15","bosan dengan covid ujung ujungnya bisnis r untung triliunanrakyat yg tersisauang sam ngutang b "
"16","dalam kan ini merintahsibuk nyusun konsekmbisnissibuk nyian harga r dan vaksinbooster masy "
"17","fhjika ra jabat itu merasa rlu berbisnis seolah ogram merintah bs gagaltdk terlaksanasungguh tdk bi "
"18","rterick thohir mengatakan awal ndemi usaha merintah untuk mendat vaksin sangat keras yaitu dengan melobi banyak nega"
"19","rterick thohir mengatakan awal ndemi usaha merintah untuk mendat vaksin sangat keras yaitu dengan melobi banyak nega"
"20","rterick thohir mengatakan awal ndemi usaha merintah untuk mendat vaksin sangat keras yaitu dengan melobi banyak nega"
"21","rterick thohir mengatakan awal ndemi usaha merintah untuk mendat vaksin sangat keras yaitu dengan melobi banyak nega"
"22","rterick thohir mengatakan awal ndemi usaha merintah untuk mendat vaksin sangat keras yaitu dengan melobi banyak nega"
"23","sudah beda jamannya dulu mbangunan tidak sedahsyat ini jadi wajar kalau merintah dulu tidak bi "
"24","rterick thohir mengatakan awal ndemi usaha merintah untuk mendat vaksin sangat keras yaitu dengan melobi banyak nega"
"25","rterick thohir mengatakan awal ndemi usaha merintah untuk mendat vaksin sangat keras yaitu dengan melobi banyak nega"
"26","rterick thohir mengatakan awal ndemi usaha merintah untuk mendat vaksin sangat keras yaitu dengan melobi banyak nega"
"27","rterick thohir mengatakan awal ndemi usaha merintah untuk mendat vaksin sangat keras yaitu dengan melobi banyak nega"
"28","rterick thohir mengatakan awal ndemi usaha merintah untuk mendat vaksin sangat keras yaitu dengan melobi banyak nega"
"29","rterick thohir mengatakan awal ndemi usaha merintah untuk mendat vaksin sangat keras yaitu dengan melobi banyak nega"
"30","rterick thohir mengatakan awal ndemi usaha merintah untuk mendat vaksin sangat keras yaitu dengan melobi banyak nega"
"31","rterick thohir mengatakan awal ndemi usaha merintah untuk mendat vaksin sangat keras yaitu dengan melobi banyak nega"
"32","rterick thohir mengatakan awal ndemi usaha merintah untuk mendat vaksin sangat keras yaitu dengan melobi banyak nega"
"33","rterick thohir mengatakan awal ndemi usaha merintah untuk mendat vaksin sangat keras yaitu dengan melobi banyak nega"
"34","rterick thohir mengatakan awal ndemi usaha merintah untuk mendat vaksin sangat keras yaitu dengan melobi banyak nega"
"35","rterick thohir mengatakan awal ndemi usaha merintah untuk mendat vaksin sangat keras yaitu dengan melobi banyak nega"
"36","rterick thohir mengatakan awal ndemi usaha merintah untuk mendat vaksin sangat keras yaitu dengan melobi banyak nega"
"37","rterick thohir mengatakan awal ndemi usaha merintah untuk mendat vaksin sangat keras yaitu dengan melobi banyak nega"
"38","erick thohir mengatakan awal ndemi usaha merintah untuk mendat vaksin sangat keras yaitu dengan melobi bany "
"39","rtyg korui jabat yg bisnis r jabat yg bikin gaduh jabat yg gagal sejahterakan rakyat merintahtyg kle"
"40","makin ruwet ngusaha masuk litik dan mjd jabat merintah mereka yg buat aturan dan mereka yg be "
"41","radikalismeradikalintoleranteroris yg sebenarnya adalah merintah sat oligarki yg terlibat skanda "
"42","rtyg korui jabat yg bisnis r jabat yg bikin gaduh jabat yg gagal sejahterakan rakyat merintahtyg kle"
"43","rtyg korui jabat yg bisnis r jabat yg bikin gaduh jabat yg gagal sejahterakan rakyat merintahtyg kle"
"44","rtyg korui jabat yg bisnis r jabat yg bikin gaduh jabat yg gagal sejahterakan rakyat merintahtyg kle"
"45","rtyg korui jabat yg bisnis r jabat yg bikin gaduh jabat yg gagal sejahterakan rakyat merintahtyg kle"
"46","rtyg korui jabat yg bisnis r jabat yg bikin gaduh jabat yg gagal sejahterakan rakyat merintahtyg kle"
"47","rtyg korui jabat yg bisnis r jabat yg bikin gaduh jabat yg gagal sejahterakan rakyat merintahtyg kle"
"48","rtyg korui jabat yg bisnis r jabat yg bikin gaduh jabat yg gagal sejahterakan rakyat merintahtyg kle"
"49","rtngusahanya ngeluhmasyrakatnya ngeluhtanggungjawab merintah"
"50","rtyg korui jabat yg bisnis r jabat yg bikin gaduh jabat yg gagal sejahterakan rakyat merintahtyg kle"
"51","rtyg korui jabat yg bisnis r jabat yg bikin gaduh jabat yg gagal sejahterakan rakyat merintahtyg kle"
"52","rtyg korui jabat yg bisnis r jabat yg bikin gaduh jabat yg gagal sejahterakan rakyat merintahtyg kle"
"53","rtrluasan zona wajib r berbanding lurus dg naiknya laba tes r sia n bisa kaya dg bisnis serti itu ditong"
"54","rtketua marwan djalil bersama ketua d sulut jimmy tindi ikut hadir mendukung srmi melakukan aksi ke k agar memanggil"
"55","rtketua marwan djalil bersama ketua d sulut jimmy tindi ikut hadir mendukung srmi melakukan aksi ke k agar memanggil"
"56","rtyg korui jabat yg bisnis r jabat yg bikin gaduh jabat yg gagal sejahterakan rakyat merintahtyg kle"
"57","rtyg korui jabat yg bisnis r jabat yg bikin gaduh jabat yg gagal sejahterakan rakyat merintahtyg kle"
"58","rtyg korui jabat yg bisnis r jabat yg bikin gaduh jabat yg gagal sejahterakan rakyat merintahtyg kle"
"59","rtyg korui jabat yg bisnis r jabat yg bikin gaduh jabat yg gagal sejahterakan rakyat merintahtyg kle"
"60","rtyg korui jabat yg bisnis r jabat yg bikin gaduh jabat yg gagal sejahterakan rakyat merintahtyg kle"
"61","rtyg korui jabat yg bisnis r jabat yg bikin gaduh jabat yg gagal sejahterakan rakyat merintahtyg kle"
"62","rtyg korui jabat yg bisnis r jabat yg bikin gaduh jabat yg gagal sejahterakan rakyat merintahtyg kle"
"63","rtyg korui jabat yg bisnis r jabat yg bikin gaduh jabat yg gagal sejahterakan rakyat merintahtyg kle"
"64","rtyg korui jabat yg bisnis r jabat yg bikin gaduh jabat yg gagal sejahterakan rakyat merintahtyg kle"
"65","kalo bobrok merintah udah keliatan media akan di tutudengan berita sara bokeartis narkoba "
"66","rtngusahanya ngeluhmasyrakatnya ngeluhtanggungjawab merintah"
"67","rtngusahanya ngeluhmasyrakatnya ngeluhtanggungjawab merintah"
"68","rtngusahanya ngeluhmasyrakatnya ngeluhtanggungjawab merintah"
"69","ngusahanya ngeluhmasyrakatnya ngeluhtanggungjawab merintah"
"70","rtyg korui jabat yg bisnis r jabat yg bikin gaduh jabat yg gagal sejahterakan rakyat merintahtyg kle"
"71","rtyg korui jabat yg bisnis r jabat yg bikin gaduh jabat yg gagal sejahterakan rakyat merintahtyg kle"
"72","rtyg korui jabat yg bisnis r jabat yg bikin gaduh jabat yg gagal sejahterakan rakyat merintahtyg kle"
"73","rtyg korui jabat yg bisnis r jabat yg bikin gaduh jabat yg gagal sejahterakan rakyat merintahtyg kle"
"74","rtyg korui jabat yg bisnis r jabat yg bikin gaduh jabat yg gagal sejahterakan rakyat merintahtyg kle"
"75","rtyg korui jabat yg bisnis r jabat yg bikin gaduh jabat yg gagal sejahterakan rakyat merintahtyg kle"
"76","rtyg korui jabat yg bisnis r jabat yg bikin gaduh jabat yg gagal sejahterakan rakyat merintahtyg kle"
"77","rtyg korui jabat yg bisnis r jabat yg bikin gaduh jabat yg gagal sejahterakan rakyat merintahtyg kle"
"78","rtyg korui jabat yg bisnis r jabat yg bikin gaduh jabat yg gagal sejahterakan rakyat merintahtyg kle"
"79","rtyg korui jabat yg bisnis r jabat yg bikin gaduh jabat yg gagal sejahterakan rakyat merintahtyg kle"
"80","rtyg korui jabat yg bisnis r jabat yg bikin gaduh jabat yg gagal sejahterakan rakyat merintahtyg kle"
"81","rtyg korui jabat yg bisnis r jabat yg bikin gaduh jabat yg gagal sejahterakan rakyat merintahtyg kle"
"82","rtyg korui jabat yg bisnis r jabat yg bikin gaduh jabat yg gagal sejahterakan rakyat merintahtyg kle"
"83","rtyg korui jabat yg bisnis r jabat yg bikin gaduh jabat yg gagal sejahterakan rakyat merintahtyg kle"
"84","rtyg korui jabat yg bisnis r jabat yg bikin gaduh jabat yg gagal sejahterakan rakyat merintahtyg kle"
"85","rtyg korui jabat yg bisnis r jabat yg bikin gaduh jabat yg gagal sejahterakan rakyat merintahtyg kle"
"86","rtyg korui jabat yg bisnis r jabat yg bikin gaduh jabat yg gagal sejahterakan rakyat merintahtyg kle"
"87","rtyg korui jabat yg bisnis r jabat yg bikin gaduh jabat yg gagal sejahterakan rakyat merintahtyg kle"
"88","rtyg korui jabat yg bisnis r jabat yg bikin gaduh jabat yg gagal sejahterakan rakyat merintahtyg kle"
"89","rtyg korui jabat yg bisnis r jabat yg bikin gaduh jabat yg gagal sejahterakan rakyat merintahtyg kle"
"90","rtyg korui jabat yg bisnis r jabat yg bikin gaduh jabat yg gagal sejahterakan rakyat merintahtyg kle"
"91","rtyg korui jabat yg bisnis r jabat yg bikin gaduh jabat yg gagal sejahterakan rakyat merintahtyg kle"
"92","rtyg korui jabat yg bisnis r jabat yg bikin gaduh jabat yg gagal sejahterakan rakyat merintahtyg kle"
"93","rtyg korui jabat yg bisnis r jabat yg bikin gaduh jabat yg gagal sejahterakan rakyat merintahtyg kle"
"94","rtyg korui jabat yg bisnis r jabat yg bikin gaduh jabat yg gagal sejahterakan rakyat merintahtyg kle"
"95","rtyg korui jabat yg bisnis r jabat yg bikin gaduh jabat yg gagal sejahterakan rakyat merintahtyg kle"
"96","rtyg korui jabat yg bisnis r jabat yg bikin gaduh jabat yg gagal sejahterakan rakyat merintahtyg kle"
"97","rtyg korui jabat yg bisnis r jabat yg bikin gaduh jabat yg gagal sejahterakan rakyat merintahtyg kle"
"98","rtyg korui jabat yg bisnis r jabat yg bikin gaduh jabat yg gagal sejahterakan rakyat merintahtyg kle"
"99","rtyg korui jabat yg bisnis r jabat yg bikin gaduh jabat yg gagal sejahterakan rakyat merintahtyg kle"
"100","rtyg korui jabat yg bisnis r jabat yg bikin gaduh jabat yg gagal sejahterakan rakyat merintahtyg kle"
"101","rtyg korui jabat yg bisnis r jabat yg bikin gaduh jabat yg gagal sejahterakan rakyat merintahtyg kle"
"102","rtyg korui jabat yg bisnis r jabat yg bikin gaduh jabat yg gagal sejahterakan rakyat merintahtyg kle"
"103","rtyg korui jabat yg bisnis r jabat yg bikin gaduh jabat yg gagal sejahterakan rakyat merintahtyg kle"
"104","rtyg korui jabat yg bisnis r jabat yg bikin gaduh jabat yg gagal sejahterakan rakyat merintahtyg kle"
"105","rtyg korui jabat yg bisnis r jabat yg bikin gaduh jabat yg gagal sejahterakan rakyat merintahtyg kle"
"106","rtyg korui jabat yg bisnis r jabat yg bikin gaduh jabat yg gagal sejahterakan rakyat merintahtyg kle"
"107","rtyg korui jabat yg bisnis r jabat yg bikin gaduh jabat yg gagal sejahterakan rakyat merintahtyg kle"
"108","rtyg korui jabat yg bisnis r jabat yg bikin gaduh jabat yg gagal sejahterakan rakyat merintahtyg kle"
"109","rtyg korui jabat yg bisnis r jabat yg bikin gaduh jabat yg gagal sejahterakan rakyat merintahtyg kle"
"110","rtyg korui jabat yg bisnis r jabat yg bikin gaduh jabat yg gagal sejahterakan rakyat merintahtyg kle"
"111","rtyg korui jabat yg bisnis r jabat yg bikin gaduh jabat yg gagal sejahterakan rakyat merintahtyg kle"
"112","rtyg korui jabat yg bisnis r jabat yg bikin gaduh jabat yg gagal sejahterakan rakyat merintahtyg kle"
"113","rtyg korui jabat yg bisnis r jabat yg bikin gaduh jabat yg gagal sejahterakan rakyat merintahtyg kle"
"114","rtyg korui jabat yg bisnis r jabat yg bikin gaduh jabat yg gagal sejahterakan rakyat merintahtyg kle"
"115","rtyg korui jabat yg bisnis r jabat yg bikin gaduh jabat yg gagal sejahterakan rakyat merintahtyg kle"
"116","rtyg korui jabat yg bisnis r jabat yg bikin gaduh jabat yg gagal sejahterakan rakyat merintahtyg kle"
"117","rtyg korui jabat yg bisnis r jabat yg bikin gaduh jabat yg gagal sejahterakan rakyat merintahtyg kle"
"118","rtyg korui jabat yg bisnis r jabat yg bikin gaduh jabat yg gagal sejahterakan rakyat merintahtyg kle"
"119","rtyg korui jabat yg bisnis r jabat yg bikin gaduh jabat yg gagal sejahterakan rakyat merintahtyg kle"
"120","rtyg korui jabat yg bisnis r jabat yg bikin gaduh jabat yg gagal sejahterakan rakyat merintahtyg kle"
"121","rtyg korui jabat yg bisnis r jabat yg bikin gaduh jabat yg gagal sejahterakan rakyat merintahtyg kle"
"122","rtyg korui jabat yg bisnis r jabat yg bikin gaduh jabat yg gagal sejahterakan rakyat merintahtyg kle"
"123","rtyg korui jabat yg bisnis r jabat yg bikin gaduh jabat yg gagal sejahterakan rakyat merintahtyg kle"
"124","rtyg korui jabat yg bisnis r jabat yg bikin gaduh jabat yg gagal sejahterakan rakyat merintahtyg kle"
"125","rtyg korui jabat yg bisnis r jabat yg bikin gaduh jabat yg gagal sejahterakan rakyat merintahtyg kle"
"126","rtyg korui jabat yg bisnis r jabat yg bikin gaduh jabat yg gagal sejahterakan rakyat merintahtyg kle"
"127","rtyg korui jabat yg bisnis r jabat yg bikin gaduh jabat yg gagal sejahterakan rakyat merintahtyg kle"
"128","rtyg korui jabat yg bisnis r jabat yg bikin gaduh jabat yg gagal sejahterakan rakyat merintahtyg kle"
"129","rtyg korui jabat yg bisnis r jabat yg bikin gaduh jabat yg gagal sejahterakan rakyat merintahtyg kle"
"130","rtyg korui jabat yg bisnis r jabat yg bikin gaduh jabat yg gagal sejahterakan rakyat merintahtyg kle"
"131","rtyg korui jabat yg bisnis r jabat yg bikin gaduh jabat yg gagal sejahterakan rakyat merintahtyg kle"
"132","rtyg korui jabat yg bisnis r jabat yg bikin gaduh jabat yg gagal sejahterakan rakyat merintahtyg kle"
"133","rtyg korui jabat yg bisnis r jabat yg bikin gaduh jabat yg gagal sejahterakan rakyat merintahtyg kle"
"134","rtyg korui jabat yg bisnis r jabat yg bikin gaduh jabat yg gagal sejahterakan rakyat merintahtyg kle"
"135","rtyg korui jabat yg bisnis r jabat yg bikin gaduh jabat yg gagal sejahterakan rakyat merintahtyg kle"
"136","rtyg korui jabat yg bisnis r jabat yg bikin gaduh jabat yg gagal sejahterakan rakyat merintahtyg kle"
"137","rtyg korui jabat yg bisnis r jabat yg bikin gaduh jabat yg gagal sejahterakan rakyat merintahtyg kle"
"138","rtyg korui jabat yg bisnis r jabat yg bikin gaduh jabat yg gagal sejahterakan rakyat merintahtyg kle"
"139","rtyg korui jabat yg bisnis r jabat yg bikin gaduh jabat yg gagal sejahterakan rakyat merintahtyg kle"
"140","rtyg korui jabat yg bisnis r jabat yg bikin gaduh jabat yg gagal sejahterakan rakyat merintahtyg kle"
"141","rtyg korui jabat yg bisnis r jabat yg bikin gaduh jabat yg gagal sejahterakan rakyat merintahtyg kle"
"142","rtyg korui jabat yg bisnis r jabat yg bikin gaduh jabat yg gagal sejahterakan rakyat merintahtyg kle"
"143","rtyg korui jabat yg bisnis r jabat yg bikin gaduh jabat yg gagal sejahterakan rakyat merintahtyg kle"
"144","rtyg korui jabat yg bisnis r jabat yg bikin gaduh jabat yg gagal sejahterakan rakyat merintahtyg kle"
"145","rtyg korui jabat yg bisnis r jabat yg bikin gaduh jabat yg gagal sejahterakan rakyat merintahtyg kle"
"146","rtyg korui jabat yg bisnis r jabat yg bikin gaduh jabat yg gagal sejahterakan rakyat merintahtyg kle"
"147","rtyg korui jabat yg bisnis r jabat yg bikin gaduh jabat yg gagal sejahterakan rakyat merintahtyg kle"
"148","rtyg korui jabat yg bisnis r jabat yg bikin gaduh jabat yg gagal sejahterakan rakyat merintahtyg kle"
"149","rtyg korui jabat yg bisnis r jabat yg bikin gaduh jabat yg gagal sejahterakan rakyat merintahtyg kle"
"150","rtyg korui jabat yg bisnis r jabat yg bikin gaduh jabat yg gagal sejahterakan rakyat merintahtyg kle"
"151","rtyg korui jabat yg bisnis r jabat yg bikin gaduh jabat yg gagal sejahterakan rakyat merintahtyg kle"
"152","rtyg korui jabat yg bisnis r jabat yg bikin gaduh jabat yg gagal sejahterakan rakyat merintahtyg kle"
"153","rtyg korui jabat yg bisnis r jabat yg bikin gaduh jabat yg gagal sejahterakan rakyat merintahtyg kle"
"154","rtyg korui jabat yg bisnis r jabat yg bikin gaduh jabat yg gagal sejahterakan rakyat merintahtyg kle"
"155","rtyg korui jabat yg bisnis r jabat yg bikin gaduh jabat yg gagal sejahterakan rakyat merintahtyg kle"
"156","rtyg korui jabat yg bisnis r jabat yg bikin gaduh jabat yg gagal sejahterakan rakyat merintahtyg kle"
"157","rtyg korui jabat yg bisnis r jabat yg bikin gaduh jabat yg gagal sejahterakan rakyat merintahtyg kle"
"158","rtyg korui jabat yg bisnis r jabat yg bikin gaduh jabat yg gagal sejahterakan rakyat merintahtyg kle"
"159","rtyg korui jabat yg bisnis r jabat yg bikin gaduh jabat yg gagal sejahterakan rakyat merintahtyg kle"
"160","rtyg korui jabat yg bisnis r jabat yg bikin gaduh jabat yg gagal sejahterakan rakyat merintahtyg kle"
"161","rtyg korui jabat yg bisnis r jabat yg bikin gaduh jabat yg gagal sejahterakan rakyat merintahtyg kle"
"162","rtyg korui jabat yg bisnis r jabat yg bikin gaduh jabat yg gagal sejahterakan rakyat merintahtyg kle"
"163","rtyg korui jabat yg bisnis r jabat yg bikin gaduh jabat yg gagal sejahterakan rakyat merintahtyg kle"
"164","rtyg korui jabat yg bisnis r jabat yg bikin gaduh jabat yg gagal sejahterakan rakyat merintahtyg kle"
"165","rtyg korui jabat yg bisnis r jabat yg bikin gaduh jabat yg gagal sejahterakan rakyat merintahtyg kle"
"166","rtyg korui jabat yg bisnis r jabat yg bikin gaduh jabat yg gagal sejahterakan rakyat merintahtyg kle"
"167","rtyg korui jabat yg bisnis r jabat yg bikin gaduh jabat yg gagal sejahterakan rakyat merintahtyg kle"
"168","rtyg korui jabat yg bisnis r jabat yg bikin gaduh jabat yg gagal sejahterakan rakyat merintahtyg kle"
"169","rtyg korui jabat yg bisnis r jabat yg bikin gaduh jabat yg gagal sejahterakan rakyat merintahtyg kle"
"170","rtyg korui jabat yg bisnis r jabat yg bikin gaduh jabat yg gagal sejahterakan rakyat merintahtyg kle"
"171","rtyg korui jabat yg bisnis r jabat yg bikin gaduh jabat yg gagal sejahterakan rakyat merintahtyg kle"
"172","rtyg korui jabat yg bisnis r jabat yg bikin gaduh jabat yg gagal sejahterakan rakyat merintahtyg kle"
"173","rtyg korui jabat yg bisnis r jabat yg bikin gaduh jabat yg gagal sejahterakan rakyat merintahtyg kle"
"174","rtyg korui jabat yg bisnis r jabat yg bikin gaduh jabat yg gagal sejahterakan rakyat merintahtyg kle"
"175","rtyg korui jabat yg bisnis r jabat yg bikin gaduh jabat yg gagal sejahterakan rakyat merintahtyg kle"
"176","rtyg korui jabat yg bisnis r jabat yg bikin gaduh jabat yg gagal sejahterakan rakyat merintahtyg kle"
"177","rtyg korui jabat yg bisnis r jabat yg bikin gaduh jabat yg gagal sejahterakan rakyat merintahtyg kle"
"178","rtyg korui jabat yg bisnis r jabat yg bikin gaduh jabat yg gagal sejahterakan rakyat merintahtyg kle"
"179","rtyg korui jabat yg bisnis r jabat yg bikin gaduh jabat yg gagal sejahterakan rakyat merintahtyg kle"
"180","rtyg korui jabat yg bisnis r jabat yg bikin gaduh jabat yg gagal sejahterakan rakyat merintahtyg kle"
"181","rtyg korui jabat yg bisnis r jabat yg bikin gaduh jabat yg gagal sejahterakan rakyat merintahtyg kle"
"182","rtyg korui jabat yg bisnis r jabat yg bikin gaduh jabat yg gagal sejahterakan rakyat merintahtyg kle"
"183","rtyg korui jabat yg bisnis r jabat yg bikin gaduh jabat yg gagal sejahterakan rakyat merintahtyg kle"
"184","rtyg korui jabat yg bisnis r jabat yg bikin gaduh jabat yg gagal sejahterakan rakyat merintahtyg kle"
"185","rtyg korui jabat yg bisnis r jabat yg bikin gaduh jabat yg gagal sejahterakan rakyat merintahtyg kle"
"186","rtyg korui jabat yg bisnis r jabat yg bikin gaduh jabat yg gagal sejahterakan rakyat merintahtyg kle"
"187","rtyg korui jabat yg bisnis r jabat yg bikin gaduh jabat yg gagal sejahterakan rakyat merintahtyg kle"
"188","rtyg korui jabat yg bisnis r jabat yg bikin gaduh jabat yg gagal sejahterakan rakyat merintahtyg kle"
"189","rtyg korui jabat yg bisnis r jabat yg bikin gaduh jabat yg gagal sejahterakan rakyat merintahtyg kle"
"190","rtyg korui jabat yg bisnis r jabat yg bikin gaduh jabat yg gagal sejahterakan rakyat merintahtyg kle"
"191","rtyg korui jabat yg bisnis r jabat yg bikin gaduh jabat yg gagal sejahterakan rakyat merintahtyg kle"
"192","rtyg korui jabat yg bisnis r jabat yg bikin gaduh jabat yg gagal sejahterakan rakyat merintahtyg kle"
"193","rtyg korui jabat yg bisnis r jabat yg bikin gaduh jabat yg gagal sejahterakan rakyat merintahtyg kle"
"194","rtyg korui jabat yg bisnis r jabat yg bikin gaduh jabat yg gagal sejahterakan rakyat merintahtyg kle"
"195","rtyg korui jabat yg bisnis r jabat yg bikin gaduh jabat yg gagal sejahterakan rakyat merintahtyg kle"
"196","rtyg korui jabat yg bisnis r jabat yg bikin gaduh jabat yg gagal sejahterakan rakyat merintahtyg kle"
"197","rtyg korui jabat yg bisnis r jabat yg bikin gaduh jabat yg gagal sejahterakan rakyat merintahtyg kle"
"198","rtyg korui jabat yg bisnis r jabat yg bikin gaduh jabat yg gagal sejahterakan rakyat merintahtyg kle"
"199","rtyg korui jabat yg bisnis r jabat yg bikin gaduh jabat yg gagal sejahterakan rakyat merintahtyg kle"
"200","rtyg korui jabat yg bisnis r jabat yg bikin gaduh jabat yg gagal sejahterakan rakyat merintahtyg kle"
"201","rtyg korui jabat yg bisnis r jabat yg bikin gaduh jabat yg gagal sejahterakan rakyat merintahtyg kle"
"202","rtyg korui jabat yg bisnis r jabat yg bikin gaduh jabat yg gagal sejahterakan rakyat merintahtyg kle"
"203","rtyg korui jabat yg bisnis r jabat yg bikin gaduh jabat yg gagal sejahterakan rakyat merintahtyg kle"
"204","rtyg korui jabat yg bisnis r jabat yg bikin gaduh jabat yg gagal sejahterakan rakyat merintahtyg kle"
"205","rtyg korui jabat yg bisnis r jabat yg bikin gaduh jabat yg gagal sejahterakan rakyat merintahtyg kle"
"206","rtyg korui jabat yg bisnis r jabat yg bikin gaduh jabat yg gagal sejahterakan rakyat merintahtyg kle"
"207","rtyg korui jabat yg bisnis r jabat yg bikin gaduh jabat yg gagal sejahterakan rakyat merintahtyg kle"
"208","rtyg korui jabat yg bisnis r jabat yg bikin gaduh jabat yg gagal sejahterakan rakyat merintahtyg kle"
"209","rtyg korui jabat yg bisnis r jabat yg bikin gaduh jabat yg gagal sejahterakan rakyat merintahtyg kle"
"210","rtyg korui jabat yg bisnis r jabat yg bikin gaduh jabat yg gagal sejahterakan rakyat merintahtyg kle"
"211","rtyg korui jabat yg bisnis r jabat yg bikin gaduh jabat yg gagal sejahterakan rakyat merintahtyg kle"
"212","rtyg korui jabat yg bisnis r jabat yg bikin gaduh jabat yg gagal sejahterakan rakyat merintahtyg kle"
"213","rtyg korui jabat yg bisnis r jabat yg bikin gaduh jabat yg gagal sejahterakan rakyat merintahtyg kle"
"214","rtyg korui jabat yg bisnis r jabat yg bikin gaduh jabat yg gagal sejahterakan rakyat merintahtyg kle"
"215","rtyg korui jabat yg bisnis r jabat yg bikin gaduh jabat yg gagal sejahterakan rakyat merintahtyg kle"
"216","rtyg korui jabat yg bisnis r jabat yg bikin gaduh jabat yg gagal sejahterakan rakyat merintahtyg kle"
"217","rtyg korui jabat yg bisnis r jabat yg bikin gaduh jabat yg gagal sejahterakan rakyat merintahtyg kle"
"218","rtyg korui jabat yg bisnis r jabat yg bikin gaduh jabat yg gagal sejahterakan rakyat merintahtyg kle"
"219","rtyg korui jabat yg bisnis r jabat yg bikin gaduh jabat yg gagal sejahterakan rakyat merintahtyg kle"
"220","rtyg korui jabat yg bisnis r jabat yg bikin gaduh jabat yg gagal sejahterakan rakyat merintahtyg kle"
"221","rtyg korui jabat yg bisnis r jabat yg bikin gaduh jabat yg gagal sejahterakan rakyat merintahtyg kle"
"222","rtyg korui jabat yg bisnis r jabat yg bikin gaduh jabat yg gagal sejahterakan rakyat merintahtyg kle"
"223","rtyg korui jabat yg bisnis r jabat yg bikin gaduh jabat yg gagal sejahterakan rakyat merintahtyg kle"
"224","rtyg korui jabat yg bisnis r jabat yg bikin gaduh jabat yg gagal sejahterakan rakyat merintahtyg kle"
"225","rtyg korui jabat yg bisnis r jabat yg bikin gaduh jabat yg gagal sejahterakan rakyat merintahtyg kle"
"226","rtyg korui jabat yg bisnis r jabat yg bikin gaduh jabat yg gagal sejahterakan rakyat merintahtyg kle"
"227","rtyg korui jabat yg bisnis r jabat yg bikin gaduh jabat yg gagal sejahterakan rakyat merintahtyg kle"
"228","rtyg korui jabat yg bisnis r jabat yg bikin gaduh jabat yg gagal sejahterakan rakyat merintahtyg kle"
"229","rtyg korui jabat yg bisnis r jabat yg bikin gaduh jabat yg gagal sejahterakan rakyat merintahtyg kle"
"230","rtyg korui jabat yg bisnis r jabat yg bikin gaduh jabat yg gagal sejahterakan rakyat merintahtyg kle"
"231","rtyg korui jabat yg bisnis r jabat yg bikin gaduh jabat yg gagal sejahterakan rakyat merintahtyg kle"
"232","rtyg korui jabat yg bisnis r jabat yg bikin gaduh jabat yg gagal sejahterakan rakyat merintahtyg kle"
"233","rtsebenarnya yg banyak radikal itu merintah terhadarakyat rakyat sll di bohongi di rmainkan serti bisnis r"
"234","rtyg korui jabat yg bisnis r jabat yg bikin gaduh jabat yg gagal sejahterakan rakyat merintahtyg kle"
"235","rtyg korui jabat yg bisnis r jabat yg bikin gaduh jabat yg gagal sejahterakan rakyat merintahtyg kle"
"236","rtyg korui jabat yg bisnis r jabat yg bikin gaduh jabat yg gagal sejahterakan rakyat merintahtyg kle"
"237","rtyg korui jabat yg bisnis r jabat yg bikin gaduh jabat yg gagal sejahterakan rakyat merintahtyg kle"
"238","rtyg korui jabat yg bisnis r jabat yg bikin gaduh jabat yg gagal sejahterakan rakyat merintahtyg kle"
"239","rtyg korui jabat yg bisnis r jabat yg bikin gaduh jabat yg gagal sejahterakan rakyat merintahtyg kle"
"240","rtyg korui jabat yg bisnis r jabat yg bikin gaduh jabat yg gagal sejahterakan rakyat merintahtyg kle"
"241","rtyg korui jabat yg bisnis r jabat yg bikin gaduh jabat yg gagal sejahterakan rakyat merintahtyg kle"
"242","rtyg korui jabat yg bisnis r jabat yg bikin gaduh jabat yg gagal sejahterakan rakyat merintahtyg kle"
"243","rtyg korui jabat yg bisnis r jabat yg bikin gaduh jabat yg gagal sejahterakan rakyat merintahtyg kle"
"244","rtyg korui jabat yg bisnis r jabat yg bikin gaduh jabat yg gagal sejahterakan rakyat merintahtyg kle"
"245","rtyg korui jabat yg bisnis r jabat yg bikin gaduh jabat yg gagal sejahterakan rakyat merintahtyg kle"
"246","rtyg korui jabat yg bisnis r jabat yg bikin gaduh jabat yg gagal sejahterakan rakyat merintahtyg kle"
"247","sebenarnya yg banyak radikal itu merintah terhadarakyat rakyat sll di bohongi di rmainkan serti bisnis "
"248","rtyg korui jabat yg bisnis r jabat yg bikin gaduh jabat yg gagal sejahterakan rakyat merintahtyg kle"
"249","rtyg korui jabat yg bisnis r jabat yg bikin gaduh jabat yg gagal sejahterakan rakyat merintahtyg kle"
"250","rtyg korui jabat yg bisnis r jabat yg bikin gaduh jabat yg gagal sejahterakan rakyat merintahtyg kle"
"251","rtyg korui jabat yg bisnis r jabat yg bikin gaduh jabat yg gagal sejahterakan rakyat merintahtyg kle"
"252","rtyg korui jabat yg bisnis r jabat yg bikin gaduh jabat yg gagal sejahterakan rakyat merintahtyg kle"
"253","rtyg korui jabat yg bisnis r jabat yg bikin gaduh jabat yg gagal sejahterakan rakyat merintahtyg kle"
"254","rtyg korui jabat yg bisnis r jabat yg bikin gaduh jabat yg gagal sejahterakan rakyat merintahtyg kle"
"255","rtyg korui jabat yg bisnis r jabat yg bikin gaduh jabat yg gagal sejahterakan rakyat merintahtyg kle"
"256","rtyg korui jabat yg bisnis r jabat yg bikin gaduh jabat yg gagal sejahterakan rakyat merintahtyg kle"
"257","rtyg korui jabat yg bisnis r jabat yg bikin gaduh jabat yg gagal sejahterakan rakyat merintahtyg kle"
"258","rtyg korui jabat yg bisnis r jabat yg bikin gaduh jabat yg gagal sejahterakan rakyat merintahtyg kle"
"259","rtyg korui jabat yg bisnis r jabat yg bikin gaduh jabat yg gagal sejahterakan rakyat merintahtyg kle"
"260","rtyg korui jabat yg bisnis r jabat yg bikin gaduh jabat yg gagal sejahterakan rakyat merintahtyg kle"
"261","rtyg korui jabat yg bisnis r jabat yg bikin gaduh jabat yg gagal sejahterakan rakyat merintahtyg kle"
"262","rtyg korui jabat yg bisnis r jabat yg bikin gaduh jabat yg gagal sejahterakan rakyat merintahtyg kle"
"263","rtyg korui jabat yg bisnis r jabat yg bikin gaduh jabat yg gagal sejahterakan rakyat merintahtyg kle"
"264","rtyg korui jabat yg bisnis r jabat yg bikin gaduh jabat yg gagal sejahterakan rakyat merintahtyg kle"
"265","rtyg korui jabat yg bisnis r jabat yg bikin gaduh jabat yg gagal sejahterakan rakyat merintahtyg kle"
"266","rtyg korui jabat yg bisnis r jabat yg bikin gaduh jabat yg gagal sejahterakan rakyat merintahtyg kle"
"267","rtyg korui jabat yg bisnis r jabat yg bikin gaduh jabat yg gagal sejahterakan rakyat merintahtyg kle"
"268","rtyg korui jabat yg bisnis r jabat yg bikin gaduh jabat yg gagal sejahterakan rakyat merintahtyg kle"
"269","rtyg korui jabat yg bisnis r jabat yg bikin gaduh jabat yg gagal sejahterakan rakyat merintahtyg kle"
"270","rtyg korui jabat yg bisnis r jabat yg bikin gaduh jabat yg gagal sejahterakan rakyat merintahtyg kle"
"271","rtyg korui jabat yg bisnis r jabat yg bikin gaduh jabat yg gagal sejahterakan rakyat merintahtyg kle"
"272","rtyg korui jabat yg bisnis r jabat yg bikin gaduh jabat yg gagal sejahterakan rakyat merintahtyg kle"
"273","rtyg korui jabat yg bisnis r jabat yg bikin gaduh jabat yg gagal sejahterakan rakyat merintahtyg kle"
"274","rtyg korui jabat yg bisnis r jabat yg bikin gaduh jabat yg gagal sejahterakan rakyat merintahtyg kle"
"275","rtyg korui jabat yg bisnis r jabat yg bikin gaduh jabat yg gagal sejahterakan rakyat merintahtyg kle"
"276","rtyg korui jabat yg bisnis r jabat yg bikin gaduh jabat yg gagal sejahterakan rakyat merintahtyg kle"
"277","rtyg korui jabat yg bisnis r jabat yg bikin gaduh jabat yg gagal sejahterakan rakyat merintahtyg kle"
"278","rtyg korui jabat yg bisnis r jabat yg bikin gaduh jabat yg gagal sejahterakan rakyat merintahtyg kle"
"279","rtyg korui jabat yg bisnis r jabat yg bikin gaduh jabat yg gagal sejahterakan rakyat merintahtyg kle"
"280","rtyg korui jabat yg bisnis r jabat yg bikin gaduh jabat yg gagal sejahterakan rakyat merintahtyg kle"
"281","rtyg korui jabat yg bisnis r jabat yg bikin gaduh jabat yg gagal sejahterakan rakyat merintahtyg kle"
"282","rtyg korui jabat yg bisnis r jabat yg bikin gaduh jabat yg gagal sejahterakan rakyat merintahtyg kle"
"283","rtyg korui jabat yg bisnis r jabat yg bikin gaduh jabat yg gagal sejahterakan rakyat merintahtyg kle"
"284","rtyg korui jabat yg bisnis r jabat yg bikin gaduh jabat yg gagal sejahterakan rakyat merintahtyg kle"
"285","rtyg korui jabat yg bisnis r jabat yg bikin gaduh jabat yg gagal sejahterakan rakyat merintahtyg kle"
"286","rtyg korui jabat yg bisnis r jabat yg bikin gaduh jabat yg gagal sejahterakan rakyat merintahtyg kle"
"287","rtyg korui jabat yg bisnis r jabat yg bikin gaduh jabat yg gagal sejahterakan rakyat merintahtyg kle"
"288","rtyg korui jabat yg bisnis r jabat yg bikin gaduh jabat yg gagal sejahterakan rakyat merintahtyg kle"
"289","rtyg korui jabat yg bisnis r jabat yg bikin gaduh jabat yg gagal sejahterakan rakyat merintahtyg kle"
"290","rtyg korui jabat yg bisnis r jabat yg bikin gaduh jabat yg gagal sejahterakan rakyat merintahtyg kle"
"291","rtyg korui jabat yg bisnis r jabat yg bikin gaduh jabat yg gagal sejahterakan rakyat merintahtyg kle"
"292","rtyg korui jabat yg bisnis r jabat yg bikin gaduh jabat yg gagal sejahterakan rakyat merintahtyg kle"
"293","rtyg korui jabat yg bisnis r jabat yg bikin gaduh jabat yg gagal sejahterakan rakyat merintahtyg kle"
"294","rtyg korui jabat yg bisnis r jabat yg bikin gaduh jabat yg gagal sejahterakan rakyat merintahtyg kle"
"295","rtyg korui jabat yg bisnis r jabat yg bikin gaduh jabat yg gagal sejahterakan rakyat merintahtyg kle"
"296","rtyg korui jabat yg bisnis r jabat yg bikin gaduh jabat yg gagal sejahterakan rakyat merintahtyg kle"
"297","rtyg korui jabat yg bisnis r jabat yg bikin gaduh jabat yg gagal sejahterakan rakyat merintahtyg kle"
"298","rtyg korui jabat yg bisnis r jabat yg bikin gaduh jabat yg gagal sejahterakan rakyat merintahtyg kle"
"299","rtyg korui jabat yg bisnis r jabat yg bikin gaduh jabat yg gagal sejahterakan rakyat merintahtyg kle"
"300","rtyg korui jabat yg bisnis r jabat yg bikin gaduh jabat yg gagal sejahterakan rakyat merintahtyg kle"
"301","rtyg korui jabat yg bisnis r jabat yg bikin gaduh jabat yg gagal sejahterakan rakyat merintahtyg kle"
"302","rtyg korui jabat yg bisnis r jabat yg bikin gaduh jabat yg gagal sejahterakan rakyat merintahtyg kle"
"303","rtyg korui jabat yg bisnis r jabat yg bikin gaduh jabat yg gagal sejahterakan rakyat merintahtyg kle"
"304","rtyg korui jabat yg bisnis r jabat yg bikin gaduh jabat yg gagal sejahterakan rakyat merintahtyg kle"
"305","rtyg korui jabat yg bisnis r jabat yg bikin gaduh jabat yg gagal sejahterakan rakyat merintahtyg kle"
"306","rtyg korui jabat yg bisnis r jabat yg bikin gaduh jabat yg gagal sejahterakan rakyat merintahtyg kle"
"307","rtyg korui jabat yg bisnis r jabat yg bikin gaduh jabat yg gagal sejahterakan rakyat merintahtyg kle"
"308","rtyg korui jabat yg bisnis r jabat yg bikin gaduh jabat yg gagal sejahterakan rakyat merintahtyg kle"
"309","rtyg korui jabat yg bisnis r jabat yg bikin gaduh jabat yg gagal sejahterakan rakyat merintahtyg kle"
"310","rtyg korui jabat yg bisnis r jabat yg bikin gaduh jabat yg gagal sejahterakan rakyat merintahtyg kle"
"311","rtyg korui jabat yg bisnis r jabat yg bikin gaduh jabat yg gagal sejahterakan rakyat merintahtyg kle"
"312","rtyg korui jabat yg bisnis r jabat yg bikin gaduh jabat yg gagal sejahterakan rakyat merintahtyg kle"
"313","rtyg korui jabat yg bisnis r jabat yg bikin gaduh jabat yg gagal sejahterakan rakyat merintahtyg kle"
"314","rtyg korui jabat yg bisnis r jabat yg bikin gaduh jabat yg gagal sejahterakan rakyat merintahtyg kle"
"315","rtyg korui jabat yg bisnis r jabat yg bikin gaduh jabat yg gagal sejahterakan rakyat merintahtyg kle"
"316","rtyg korui jabat yg bisnis r jabat yg bikin gaduh jabat yg gagal sejahterakan rakyat merintahtyg kle"
"317","rtyg korui jabat yg bisnis r jabat yg bikin gaduh jabat yg gagal sejahterakan rakyat merintahtyg kle"
"318","rtyg korui jabat yg bisnis r jabat yg bikin gaduh jabat yg gagal sejahterakan rakyat merintahtyg kle"
"319","rtyg korui jabat yg bisnis r jabat yg bikin gaduh jabat yg gagal sejahterakan rakyat merintahtyg kle"
"320","rtyg korui jabat yg bisnis r jabat yg bikin gaduh jabat yg gagal sejahterakan rakyat merintahtyg kle"
"321","rtyg korui jabat yg bisnis r jabat yg bikin gaduh jabat yg gagal sejahterakan rakyat merintahtyg kle"
"322","rtyg korui jabat yg bisnis r jabat yg bikin gaduh jabat yg gagal sejahterakan rakyat merintahtyg kle"
"323","rtyg korui jabat yg bisnis r jabat yg bikin gaduh jabat yg gagal sejahterakan rakyat merintahtyg kle"
"324","rtyg korui jabat yg bisnis r jabat yg bikin gaduh jabat yg gagal sejahterakan rakyat merintahtyg kle"
"325","rtyg korui jabat yg bisnis r jabat yg bikin gaduh jabat yg gagal sejahterakan rakyat merintahtyg kle"
"326","rtyg korui jabat yg bisnis r jabat yg bikin gaduh jabat yg gagal sejahterakan rakyat merintahtyg kle"
"327","rtyg korui jabat yg bisnis r jabat yg bikin gaduh jabat yg gagal sejahterakan rakyat merintahtyg kle"
"328","rtyg korui jabat yg bisnis r jabat yg bikin gaduh jabat yg gagal sejahterakan rakyat merintahtyg kle"
"329","rtyg korui jabat yg bisnis r jabat yg bikin gaduh jabat yg gagal sejahterakan rakyat merintahtyg kle"
"330","rtyg korui jabat yg bisnis r jabat yg bikin gaduh jabat yg gagal sejahterakan rakyat merintahtyg kle"
"331","rtyg korui jabat yg bisnis r jabat yg bikin gaduh jabat yg gagal sejahterakan rakyat merintahtyg kle"
"332","rtyg korui jabat yg bisnis r jabat yg bikin gaduh jabat yg gagal sejahterakan rakyat merintahtyg kle"
"333","rtyg korui jabat yg bisnis r jabat yg bikin gaduh jabat yg gagal sejahterakan rakyat merintahtyg kle"
"334","rtyg korui jabat yg bisnis r jabat yg bikin gaduh jabat yg gagal sejahterakan rakyat merintahtyg kle"
"335","rtyg korui jabat yg bisnis r jabat yg bikin gaduh jabat yg gagal sejahterakan rakyat merintahtyg kle"
"336","rtyg korui jabat yg bisnis r jabat yg bikin gaduh jabat yg gagal sejahterakan rakyat merintahtyg kle"
"337","rtyg korui jabat yg bisnis r jabat yg bikin gaduh jabat yg gagal sejahterakan rakyat merintahtyg kle"
"338","rtyg korui jabat yg bisnis r jabat yg bikin gaduh jabat yg gagal sejahterakan rakyat merintahtyg kle"
"339","rtyg korui jabat yg bisnis r jabat yg bikin gaduh jabat yg gagal sejahterakan rakyat merintahtyg kle"
"340","rtyg korui jabat yg bisnis r jabat yg bikin gaduh jabat yg gagal sejahterakan rakyat merintahtyg kle"
"341","rtyg korui jabat yg bisnis r jabat yg bikin gaduh jabat yg gagal sejahterakan rakyat merintahtyg kle"
"342","rtyg korui jabat yg bisnis r jabat yg bikin gaduh jabat yg gagal sejahterakan rakyat merintahtyg kle"
"343","rtyg korui jabat yg bisnis r jabat yg bikin gaduh jabat yg gagal sejahterakan rakyat merintahtyg kle"
"344","rtyg korui jabat yg bisnis r jabat yg bikin gaduh jabat yg gagal sejahterakan rakyat merintahtyg kle"
"345","rtyg korui jabat yg bisnis r jabat yg bikin gaduh jabat yg gagal sejahterakan rakyat merintahtyg kle"
"346","rtyg korui jabat yg bisnis r jabat yg bikin gaduh jabat yg gagal sejahterakan rakyat merintahtyg kle"
"347","rtyg korui jabat yg bisnis r jabat yg bikin gaduh jabat yg gagal sejahterakan rakyat merintahtyg kle"
"348","rtyg korui jabat yg bisnis r jabat yg bikin gaduh jabat yg gagal sejahterakan rakyat merintahtyg kle"
"349","rtyg korui jabat yg bisnis r jabat yg bikin gaduh jabat yg gagal sejahterakan rakyat merintahtyg kle"
"350","rtyg korui jabat yg bisnis r jabat yg bikin gaduh jabat yg gagal sejahterakan rakyat merintahtyg kle"
"351","rtyg korui jabat yg bisnis r jabat yg bikin gaduh jabat yg gagal sejahterakan rakyat merintahtyg kle"
"352","rtyg korui jabat yg bisnis r jabat yg bikin gaduh jabat yg gagal sejahterakan rakyat merintahtyg kle"
"353","rtyg korui jabat yg bisnis r jabat yg bikin gaduh jabat yg gagal sejahterakan rakyat merintahtyg kle"
"354","rtyg korui jabat yg bisnis r jabat yg bikin gaduh jabat yg gagal sejahterakan rakyat merintahtyg kle"
"355","rtyg korui jabat yg bisnis r jabat yg bikin gaduh jabat yg gagal sejahterakan rakyat merintahtyg kle"
"356","rtyg korui jabat yg bisnis r jabat yg bikin gaduh jabat yg gagal sejahterakan rakyat merintahtyg kle"
"357","rtyg korui jabat yg bisnis r jabat yg bikin gaduh jabat yg gagal sejahterakan rakyat merintahtyg kle"
"358","rtyg korui jabat yg bisnis r jabat yg bikin gaduh jabat yg gagal sejahterakan rakyat merintahtyg kle"
"359","rtyg korui jabat yg bisnis r jabat yg bikin gaduh jabat yg gagal sejahterakan rakyat merintahtyg kle"
"360","rtyg korui jabat yg bisnis r jabat yg bikin gaduh jabat yg gagal sejahterakan rakyat merintahtyg kle"
"361","rtyg korui jabat yg bisnis r jabat yg bikin gaduh jabat yg gagal sejahterakan rakyat merintahtyg kle"
"362","rtyg korui jabat yg bisnis r jabat yg bikin gaduh jabat yg gagal sejahterakan rakyat merintahtyg kle"
"363","rtyg korui jabat yg bisnis r jabat yg bikin gaduh jabat yg gagal sejahterakan rakyat merintahtyg kle"
"364","rtyg korui jabat yg bisnis r jabat yg bikin gaduh jabat yg gagal sejahterakan rakyat merintahtyg kle"
"365","rtyg korui jabat yg bisnis r jabat yg bikin gaduh jabat yg gagal sejahterakan rakyat merintahtyg kle"
"366","rtyg korui jabat yg bisnis r jabat yg bikin gaduh jabat yg gagal sejahterakan rakyat merintahtyg kle"
"367","rtyg korui jabat yg bisnis r jabat yg bikin gaduh jabat yg gagal sejahterakan rakyat merintahtyg kle"
"368","rtyg korui jabat yg bisnis r jabat yg bikin gaduh jabat yg gagal sejahterakan rakyat merintahtyg kle"
"369","rtyg korui jabat yg bisnis r jabat yg bikin gaduh jabat yg gagal sejahterakan rakyat merintahtyg kle"
"370","rtyg korui jabat yg bisnis r jabat yg bikin gaduh jabat yg gagal sejahterakan rakyat merintahtyg kle"
"371","rtyg korui jabat yg bisnis r jabat yg bikin gaduh jabat yg gagal sejahterakan rakyat merintahtyg kle"
"372","rtyg korui jabat yg bisnis r jabat yg bikin gaduh jabat yg gagal sejahterakan rakyat merintahtyg kle"
"373","rtyg korui jabat yg bisnis r jabat yg bikin gaduh jabat yg gagal sejahterakan rakyat merintahtyg kle"
"374","rtyg korui jabat yg bisnis r jabat yg bikin gaduh jabat yg gagal sejahterakan rakyat merintahtyg kle"
"375","rtyg korui jabat yg bisnis r jabat yg bikin gaduh jabat yg gagal sejahterakan rakyat merintahtyg kle"
"376","rtketua marwan djalil bersama ketua d sulut jimmy tindi ikut hadir mendukung srmi melakukan aksi ke k agar memanggil"
"377","rtyg korui jabat yg bisnis r jabat yg bikin gaduh jabat yg gagal sejahterakan rakyat merintahtyg kle"
"378","rtyg korui jabat yg bisnis r jabat yg bikin gaduh jabat yg gagal sejahterakan rakyat merintahtyg kle"
"379","rtyg korui jabat yg bisnis r jabat yg bikin gaduh jabat yg gagal sejahterakan rakyat merintahtyg kle"
"380","rtyg korui jabat yg bisnis r jabat yg bikin gaduh jabat yg gagal sejahterakan rakyat merintahtyg kle"
"381","rtketua marwan djalil bersama ketua d sulut jimmy tindi ikut hadir mendukung srmi melakukan aksi ke k agar memanggil"
"382","rtyg korui jabat yg bisnis r jabat yg bikin gaduh jabat yg gagal sejahterakan rakyat merintahtyg kle"
"383","rtketua marwan djalil bersama ketua d sulut jimmy tindi ikut hadir mendukung srmi melakukan aksi ke k agar memanggil"
"384","ketua marwan djalil bersama ketua d sulut jimmy tindi ikut hadir mendukung srmi melakukan aksi ke k agar memang "
"385","rtyg korui jabat yg bisnis r jabat yg bikin gaduh jabat yg gagal sejahterakan rakyat merintahtyg kle"
"386","rtyg korui jabat yg bisnis r jabat yg bikin gaduh jabat yg gagal sejahterakan rakyat merintahtyg kle"
"387","rtyg korui jabat yg bisnis r jabat yg bikin gaduh jabat yg gagal sejahterakan rakyat merintahtyg kle"
"388","rtyg korui jabat yg bisnis r jabat yg bikin gaduh jabat yg gagal sejahterakan rakyat merintahtyg kle"
"389","rtyg korui jabat yg bisnis r jabat yg bikin gaduh jabat yg gagal sejahterakan rakyat merintahtyg kle"
"390","rtyg korui jabat yg bisnis r jabat yg bikin gaduh jabat yg gagal sejahterakan rakyat merintahtyg kle"
"391","rtyg korui jabat yg bisnis r jabat yg bikin gaduh jabat yg gagal sejahterakan rakyat merintahtyg kle"
"392","rtyg korui jabat yg bisnis r jabat yg bikin gaduh jabat yg gagal sejahterakan rakyat merintahtyg kle"
"393","rtyg korui jabat yg bisnis r jabat yg bikin gaduh jabat yg gagal sejahterakan rakyat merintahtyg kle"
"394","rtyg korui jabat yg bisnis r jabat yg bikin gaduh jabat yg gagal sejahterakan rakyat merintahtyg kle"
"395","rtyg korui jabat yg bisnis r jabat yg bikin gaduh jabat yg gagal sejahterakan rakyat merintahtyg kle"
"396","rtyg korui jabat yg bisnis r jabat yg bikin gaduh jabat yg gagal sejahterakan rakyat merintahtyg kle"
"397","rtyg korui jabat yg bisnis r jabat yg bikin gaduh jabat yg gagal sejahterakan rakyat merintahtyg kle"
"398","rtyg korui jabat yg bisnis r jabat yg bikin gaduh jabat yg gagal sejahterakan rakyat merintahtyg kle"
"399","rtyg korui jabat yg bisnis r jabat yg bikin gaduh jabat yg gagal sejahterakan rakyat merintahtyg kle"
"400","rtyg korui jabat yg bisnis r jabat yg bikin gaduh jabat yg gagal sejahterakan rakyat merintahtyg kle"
"401","rtyg korui jabat yg bisnis r jabat yg bikin gaduh jabat yg gagal sejahterakan rakyat merintahtyg kle"
"402","rtyg korui jabat yg bisnis r jabat yg bikin gaduh jabat yg gagal sejahterakan rakyat merintahtyg kle"
"403","rtyg korui jabat yg bisnis r jabat yg bikin gaduh jabat yg gagal sejahterakan rakyat merintahtyg kle"
"404","rtyg korui jabat yg bisnis r jabat yg bikin gaduh jabat yg gagal sejahterakan rakyat merintahtyg kle"
"405","rtyg korui jabat yg bisnis r jabat yg bikin gaduh jabat yg gagal sejahterakan rakyat merintahtyg kle"
"406","rtyg korui jabat yg bisnis r jabat yg bikin gaduh jabat yg gagal sejahterakan rakyat merintahtyg kle"
"407","rtyg korui jabat yg bisnis r jabat yg bikin gaduh jabat yg gagal sejahterakan rakyat merintahtyg kle"
"408","rtyg korui jabat yg bisnis r jabat yg bikin gaduh jabat yg gagal sejahterakan rakyat merintahtyg kle"
"409","rtyg korui jabat yg bisnis r jabat yg bikin gaduh jabat yg gagal sejahterakan rakyat merintahtyg kle"
"410","rtyg korui jabat yg bisnis r jabat yg bikin gaduh jabat yg gagal sejahterakan rakyat merintahtyg kle"
"411","rtyg korui jabat yg bisnis r jabat yg bikin gaduh jabat yg gagal sejahterakan rakyat merintahtyg kle"
"412","rtyg korui jabat yg bisnis r jabat yg bikin gaduh jabat yg gagal sejahterakan rakyat merintahtyg kle"
"413","rtyg korui jabat yg bisnis r jabat yg bikin gaduh jabat yg gagal sejahterakan rakyat merintahtyg kle"
"414","rtyg korui jabat yg bisnis r jabat yg bikin gaduh jabat yg gagal sejahterakan rakyat merintahtyg kle"
"415","rtyg korui jabat yg bisnis r jabat yg bikin gaduh jabat yg gagal sejahterakan rakyat merintahtyg kle"
"416","rtyg korui jabat yg bisnis r jabat yg bikin gaduh jabat yg gagal sejahterakan rakyat merintahtyg kle"
"417","rtyg korui jabat yg bisnis r jabat yg bikin gaduh jabat yg gagal sejahterakan rakyat merintahtyg kle"
"418","rtyg korui jabat yg bisnis r jabat yg bikin gaduh jabat yg gagal sejahterakan rakyat merintahtyg kle"
"419","rtyg korui jabat yg bisnis r jabat yg bikin gaduh jabat yg gagal sejahterakan rakyat merintahtyg kle"
"420","rtyg korui jabat yg bisnis r jabat yg bikin gaduh jabat yg gagal sejahterakan rakyat merintahtyg kle"
"421","rtyg korui jabat yg bisnis r jabat yg bikin gaduh jabat yg gagal sejahterakan rakyat merintahtyg kle"
"422","rtyg korui jabat yg bisnis r jabat yg bikin gaduh jabat yg gagal sejahterakan rakyat merintahtyg kle"
"423","rtyg korui jabat yg bisnis r jabat yg bikin gaduh jabat yg gagal sejahterakan rakyat merintahtyg kle"
"424","rtyg korui jabat yg bisnis r jabat yg bikin gaduh jabat yg gagal sejahterakan rakyat merintahtyg kle"
"425","rtyg korui jabat yg bisnis r jabat yg bikin gaduh jabat yg gagal sejahterakan rakyat merintahtyg kle"
"426","rtyg korui jabat yg bisnis r jabat yg bikin gaduh jabat yg gagal sejahterakan rakyat merintahtyg kle"
"427","rtyg korui jabat yg bisnis r jabat yg bikin gaduh jabat yg gagal sejahterakan rakyat merintahtyg kle"
"428","rtyg korui jabat yg bisnis r jabat yg bikin gaduh jabat yg gagal sejahterakan rakyat merintahtyg kle"
"429","rtyg korui jabat yg bisnis r jabat yg bikin gaduh jabat yg gagal sejahterakan rakyat merintahtyg kle"
"430","rtyg korui jabat yg bisnis r jabat yg bikin gaduh jabat yg gagal sejahterakan rakyat merintahtyg kle"
"431","rtyg korui jabat yg bisnis r jabat yg bikin gaduh jabat yg gagal sejahterakan rakyat merintahtyg kle"
"432","rtyg korui jabat yg bisnis r jabat yg bikin gaduh jabat yg gagal sejahterakan rakyat merintahtyg kle"
"433","rtyg korui jabat yg bisnis r jabat yg bikin gaduh jabat yg gagal sejahterakan rakyat merintahtyg kle"
"434","rtyg korui jabat yg bisnis r jabat yg bikin gaduh jabat yg gagal sejahterakan rakyat merintahtyg kle"
"435","rtyg korui jabat yg bisnis r jabat yg bikin gaduh jabat yg gagal sejahterakan rakyat merintahtyg kle"
"436","rtyg korui jabat yg bisnis r jabat yg bikin gaduh jabat yg gagal sejahterakan rakyat merintahtyg kle"
"437","rtyg korui jabat yg bisnis r jabat yg bikin gaduh jabat yg gagal sejahterakan rakyat merintahtyg kle"
"438","rtyg korui jabat yg bisnis r jabat yg bikin gaduh jabat yg gagal sejahterakan rakyat merintahtyg kle"
"439","km memang akalakalan merintah terus buat a wajib vaksin kalo harus wajib r siiiiiiuuuuuuuuu raky "
"440","rtyg korui jabat yg bisnis r jabat yg bikin gaduh jabat yg gagal sejahterakan rakyat merintahtyg kle"
"441","rtyg korui jabat yg bisnis r jabat yg bikin gaduh jabat yg gagal sejahterakan rakyat merintahtyg kle"
"442","rtyg korui jabat yg bisnis r jabat yg bikin gaduh jabat yg gagal sejahterakan rakyat merintahtyg kle"
"443","rtyg korui jabat yg bisnis r jabat yg bikin gaduh jabat yg gagal sejahterakan rakyat merintahtyg kle"
"444","rtyg korui jabat yg bisnis r jabat yg bikin gaduh jabat yg gagal sejahterakan rakyat merintahtyg kle"
"445","rtyg korui jabat yg bisnis r jabat yg bikin gaduh jabat yg gagal sejahterakan rakyat merintahtyg kle"
"446","rtyg korui jabat yg bisnis r jabat yg bikin gaduh jabat yg gagal sejahterakan rakyat merintahtyg kle"
"447","rtyg korui jabat yg bisnis r jabat yg bikin gaduh jabat yg gagal sejahterakan rakyat merintahtyg kle"
"448","rtyg korui jabat yg bisnis r jabat yg bikin gaduh jabat yg gagal sejahterakan rakyat merintahtyg kle"
"449","rtyg korui jabat yg bisnis r jabat yg bikin gaduh jabat yg gagal sejahterakan rakyat merintahtyg kle"
"450","rtyg korui jabat yg bisnis r jabat yg bikin gaduh jabat yg gagal sejahterakan rakyat merintahtyg kle"
"451","rtyg korui jabat yg bisnis r jabat yg bikin gaduh jabat yg gagal sejahterakan rakyat merintahtyg kle"
"452","rtyg korui jabat yg bisnis r jabat yg bikin gaduh jabat yg gagal sejahterakan rakyat merintahtyg kle"
"453","rtyg korui jabat yg bisnis r jabat yg bikin gaduh jabat yg gagal sejahterakan rakyat merintahtyg kle"
"454","rtyg korui jabat yg bisnis r jabat yg bikin gaduh jabat yg gagal sejahterakan rakyat merintahtyg kle"
"455","rtyg korui jabat yg bisnis r jabat yg bikin gaduh jabat yg gagal sejahterakan rakyat merintahtyg kle"
"456","rtyg korui jabat yg bisnis r jabat yg bikin gaduh jabat yg gagal sejahterakan rakyat merintahtyg kle"
"457","rtyg korui jabat yg bisnis r jabat yg bikin gaduh jabat yg gagal sejahterakan rakyat merintahtyg kle"
"458","rtyg korui jabat yg bisnis r jabat yg bikin gaduh jabat yg gagal sejahterakan rakyat merintahtyg kle"
"459","rtyg korui jabat yg bisnis r jabat yg bikin gaduh jabat yg gagal sejahterakan rakyat merintahtyg kle"
"460","yg korui jabat yg bisnis r jabat yg bikin gaduh jabat yg gagal sejahterakan rakyat merintahtyg "
"461","rtketika merintah membuat kebijakan wajib r untuk moda transrtasi saat itu juga sar r dirlua"
"462","untung besar luhuterick tohir di bisnis r biayanya hanya r harusnya merintah yg mwnanggung biayan "
"463","di tengah isu bisnis r merintah tetafokus mendorong laksanaan vaksinasi untuk masyarakatindonesiatangguh "
"464","di tengah isu bisnis r merintah tetafokus mendorong laksanaan vaksinasi untuk masyarakatindonesiatangguh "
"465","rtdukungmuihati ngalihan isue tenggelamkan bisnis vaksiin dan rmerintah dholim "
"466","rtwaketum ima alif kamal mengatakan ketika merintah membuat kebijakan wjb r utk ngguna moda transrtasisaat it"
"467","ra jabat yang bisnis r dokter dan nakes yang di fitnah menggalakan vaksinasi yang di ogramkan "
"468","saat merintah dalam tekanan karena blunder mandalika ra jabat bisnis r kerusakan lingkungan hi "
"469","rtdukungmuihati ngalihan isue tenggelamkan bisnis vaksiin dan rmerintah dholim "
"470","rtdukungmuihati ngalihan isue tenggelamkan bisnis vaksiin dan rmerintah dholim "
"471","dukungmuihati ngalihan isue tenggelamkan bisnis vaksiin dan rmerintah dholim "
"472","rtbiar kami jelaslan agar otak imutmu hamakibat terbongkarnya luhut nya bisnis r ini maka an kebija"
"473","rtwaketum ima alif kamal mengatakan ketika merintah membuat kebijakan wjb r utk ngguna moda transrtasisaat it"
"474","gile negara dianggadarurat kesehatan biar bisnis r lancar sadar diri dong justru kalian merinta "
"475","rtwaketum ima alif kamal mengatakan ketika merintah membuat kebijakan wjb r utk ngguna moda transrtasisaat it"
"476","rtwaketum ima alif kamal mengatakan ketika merintah membuat kebijakan wjb r utk ngguna moda transrtasisaat it"
"477","rtwaketum ima alif kamal mengatakan ketika merintah membuat kebijakan wjb r utk ngguna moda transrtasisaat it"
"478","rtwaketum ima alif kamal mengatakan ketika merintah membuat kebijakan wjb r utk ngguna moda transrtasisaat it"
"479","rtsaat merintah dalam tekanan karena blunder mandalika ra jabat bisnis r kerusakan lingkungan hingg"
"480","ungkabisnis rr harusnya ditanggung merintahcat luhut beranikahklo ga jokowi jokowi sama a "
"481","rtketika merintah membuat kebijakan wajib r untuk moda transrtasi saat itu juga sar r dirlua"
"482","ketika merintah membuat kebijakan wajib r untuk moda transrtasi saat itu juga sar r di "
"483","rtharusnya merintah tahu jangan berbisnis sama rakyat negara tidak boleh berbisnis sama rakyatnya itu yang aku selalu bi"
"484","waketum ima alif kamal mengatakan ketika merintah membuat kebijakan wjb r utk ngguna moda transrtasi"
"485","rtsaat merintah dalam tekanan karena blunder mandalika ra jabat bisnis r kerusakan lingkungan hingg"
"486","rtsaat merintah dalam tekanan karena blunder mandalika ra jabat bisnis r kerusakan lingkungan hingg"
"487","rtsaat merintah dalam tekanan karena blunder mandalika ra jabat bisnis r kerusakan lingkungan hingg"
"488","saat merintah dalam tekanan karena blunder mandalika ra jabat bisnis r kerusakan lingkungan "
"489","rtharusnya merintah tahu jangan berbisnis sama rakyat negara tidak boleh berbisnis sama rakyatnya itu yang aku selalu bi"
"490","rtkebijakan yang dikeluarkan merintah itu hasil rat terbatas lintas kementerian yang dihadiri esiden joko widodo ment"
"491","kebijakan yang dikeluarkan merintah itu hasil rat terbatas lintas kementerian yang dihadiri esiden joko widod "
"492","rtr yang dituskan merintah disebut merukan ketusan dari rat terbatas ratas termasuk esiden joko widodo rat"
"493","rtharusnya merintah tahu jangan berbisnis sama rakyat negara tidak boleh berbisnis sama rakyatnya itu yang aku selalu bi"
"494","rtberkaskoms malam ini akan membahas soal dugaan rmainan bisnis di balik kebijakan merintah mengenai tes r nasaran"
"495","ada teman dikalimantan mau kejakarta naik sawat lion hrg tiketnyaribu hrg r nyajuta lebih mahal dari "
"496","rtharusnya merintah tahu jangan berbisnis sama rakyat negara tidak boleh berbisnis sama rakyatnya itu yang aku selalu bi"
"497","rtharusnya merintah tahu jangan berbisnis sama rakyat negara tidak boleh berbisnis sama rakyatnya itu yang aku selalu bi"
"498","rtharusnya merintah tahu jangan berbisnis sama rakyat negara tidak boleh berbisnis sama rakyatnya itu yang aku selalu bi"
"499","rtharusnya merintah tahu jangan berbisnis sama rakyat negara tidak boleh berbisnis sama rakyatnya itu yang aku selalu bi"
"500","rtnangkan dgn tuduhan teroris selalu muncul ketika kinerja buruk merintah jadi sorotan blikngalihan isue hu"
"501","nangkan dgn tuduhan teroris selalu muncul ketika kinerja buruk merintah jadi sorotan blikngalihan isue "
"502","nyidik k lrintu masuk kalian menuju alat bukti kebohongan lbkah bisnis ngadaan alat r sesuai "
"503","rtharusnya merintah tahu jangan berbisnis sama rakyat negara tidak boleh berbisnis sama rakyatnya itu yang aku selalu bi"
"504","masyarakat cukumenjadi gusar karena kebijakan r disemua moda transrtasi ada dugaan rmainan bisnis di balik "
"505","rtr buat bisnis nyekek rakyatdi tengah ndemi jika mmg ada bisnis jahat ini aku setuju jika ini diberantas oleh"
"506","kamu maunya tujuh turunan keluargajabat negara gak nya bisnis buktik "
"507","rtharusnya merintah tahu jangan berbisnis sama rakyat negara tidak boleh berbisnis sama rakyatnya itu yang aku selalu bi"
"508","rtakhirakhir ini kebijakan merintah terkait r dinilai sarat akan konfilk kentingan betulkah kebijakan ini demi mengako"
"509","rtharusnya merintah tahu jangan berbisnis sama rakyat negara tidak boleh berbisnis sama rakyatnya itu yang aku selalu bi"
"510","akhirakhir ini kebijakan merintah terkait r dinilai sarat akan konfilk kentingan betulkah kebijakan ini de "
"511","berkaskoms malam ini akan membahas soal dugaan rmainan bisnis di balik kebijakan merintah mengenai tes r "
"512","rtharusnya merintah tahu jangan berbisnis sama rakyat negara tidak boleh berbisnis sama rakyatnya itu yang aku selalu bi"
"513","rtharusnya merintah tahu jangan berbisnis sama rakyat negara tidak boleh berbisnis sama rakyatnya itu yang aku selalu bi"
"514","rtharusnya merintah tahu jangan berbisnis sama rakyat negara tidak boleh berbisnis sama rakyatnya itu yang aku selalu bi"
"515","rtharusnya merintah tahu jangan berbisnis sama rakyat negara tidak boleh berbisnis sama rakyatnya itu yang aku selalu bi"
"516","rtr yang dituskan merintah disebut merukan ketusan dari rat terbatas ratas termasuk esiden joko widodo rat"
"517","rtr buat bisnis nyekek rakyatdi tengah ndemi jika mmg ada bisnis jahat ini aku setuju jika ini diberantas oleh"
"518","rtakhirakhir ini kebijakan merintah terkait r dinilai sarat akan konfilk kentingan betulkah kebijakan ini dibuat demi"
"519","akhirakhir ini kebijakan merintah terkait r dinilai sarat akan konfilk kentingan betulkah kebijakan ini di "
"520","rterick thohir telah meninggalkan semua jabatan non merintah sejak di tunjuk esiden jokowi menjadi orang nomor satu d"
"521","rtharusnya merintah tahu jangan berbisnis sama rakyat negara tidak boleh berbisnis sama rakyatnya itu yang aku selalu bi"
"522","rtharusnya merintah tahu jangan berbisnis sama rakyat negara tidak boleh berbisnis sama rakyatnya itu yang aku selalu bi"
"523","rtharusnya merintah tahu jangan berbisnis sama rakyat negara tidak boleh berbisnis sama rakyatnya itu yang aku selalu bi"
"524","rtharusnya merintah tahu jangan berbisnis sama rakyat negara tidak boleh berbisnis sama rakyatnya itu yang aku selalu bi"
"525","rtharusnya merintah tahu jangan berbisnis sama rakyat negara tidak boleh berbisnis sama rakyatnya itu yang aku selalu bi"
"526","kritik dugaan bisnis r ribka tjianing negara tak boleh berbisnis sama rakyatnyasudah bener ini jabat ne "
"527","rtmasyarakat cukumenjadi gusar karena kebijakan r disemua moda transrtasi ada dugaan rmainan bisnis di balik kebijakan"
"528","masyarakat cukumenjadi gusar karena kebijakan r disemua moda transrtasi ada dugaan rmainan bisnis di balik "
"529","rocky gerung official fnnmakin banyak elemen masyarakat yang melarkan menko marinve "
"530","rtbukan itu masalahnya kakek conflict of interest ra jabat yg nya bisnis r membuat rakyat kehilangan kercayaan t"
"531","rtharusnya merintah tahu jangan berbisnis sama rakyat negara tidak boleh berbisnis sama rakyatnya itu yang aku selalu bi"
"532","rtharusnya merintah tahu jangan berbisnis sama rakyat negara tidak boleh berbisnis sama rakyatnya itu yang aku selalu bi"
"533"," blbtak ada waktu u urus bisnis rngain beliau turunkan harga r dari r "
"534","rtharusnya merintah tahu jangan berbisnis sama rakyat negara tidak boleh berbisnis sama rakyatnya itu yang aku selalu bi"
"535","rtr buat bisnis nyekek rakyatdi tengah ndemi jika mmg ada bisnis jahat ini aku setuju jika ini diberantas oleh"
"536","rtr buat bisnis nyekek rakyatdi tengah ndemi jika mmg ada bisnis jahat ini aku setuju jika ini diberantas oleh"
"537","rtkebijakan yang dikeluarkan merintah itu hasil rat terbatas lintas kementerian yang dihadiri esiden joko widodo ment"
"538","rtr buat bisnis nyekek rakyatdi tengah ndemi jika mmg ada bisnis jahat ini aku setuju jika ini diberantas oleh"
"539","rtkebijakan yang dikeluarkan merintah itu hasil rat terbatas lintas kementerian yang dihadiri esiden joko widodo ment"
"540","rtmengawasi bisnis tes r ku mengungkaadanya indikasi memaksimalkan keuntungan serti aktik bundling tes"
"541","rtharusnya merintah tahu jangan berbisnis sama rakyat negara tidak boleh berbisnis sama rakyatnya itu yang aku selalu bi"
"542","rtharusnya merintah tahu jangan berbisnis sama rakyat negara tidak boleh berbisnis sama rakyatnya itu yang aku selalu bi"
"543","kebijakan yang dikeluarkan merintah itu hasil rat terbatas lintas kementerian yang dihadiri esiden joko widod "
"544","rtharusnya merintah tahu jangan berbisnis sama rakyat negara tidak boleh berbisnis sama rakyatnya itu yang aku selalu bi"
"545","rtharusnya merintah tahu jangan berbisnis sama rakyat negara tidak boleh berbisnis sama rakyatnya itu yang aku selalu bi"
"546","rtbisnis r ini memang hrs di klarifikasi krn runtukan nya bagi masyarakat banyak dan sdh barang tentu menjadi sumber fitn"
"547","harusnya merintah tahu janganlah berbisnis sama rakyat yang aku ingatin terus negara tidak boleh berbisnis sam "
"548","bisnis r ini ngeri kk hari saya terbang ke manadotes r rb berlaku x jamsami d "
"549","rtsebuah utaslitisasi isu bisnis r rtkebijakan merintah indonesia dalam mengendalikan ndemi covid ki"
"550","rterick thohir telah meninggalkan semua jabatan non merintah sejak di tunjuk esiden jokowi menjadi orang nomor satu d"
"551","rtharusnya merintah tahu jangan berbisnis sama rakyat negara tidak boleh berbisnis sama rakyatnya itu yang aku selalu bi"
"552","rtbisnis r ini memang hrs di klarifikasi krn runtukan nya bagi masyarakat banyak dan sdh barang tentu menjadi sumber fitn"
"553","rtr yang dituskan merintah disebut merukan ketusan dari rat terbatas ratas termasuk esiden joko widodo rat"
"554","nah itu ngusaha tdk ada tanggung jawab an terkait bisnis r krn menjual sesuai dgn ketentua "
"555","rtharusnya merintah tahu jangan berbisnis sama rakyat negara tidak boleh berbisnis sama rakyatnya itu yang aku selalu bi"
"556","rterick thohir telah meninggalkan semua jabatan non merintah sejak di tunjuk esiden jokowi menjadi orang nomor satu d"
"557","rtharusnya merintah tahu jangan berbisnis sama rakyat negara tidak boleh berbisnis sama rakyatnya itu yang aku selalu bi"
"558","kena tak ada yg menyinggung bisnis r nya keluarga k jk yadahal dialah milik mayoritas bisnis r utk bi "
"559","mengawasi bisnis tes r ku mengungkaadanya indikasi memaksimalkan keuntungan serti aktik bund "
"560","rtharusnya merintah tahu jangan berbisnis sama rakyat negara tidak boleh berbisnis sama rakyatnya itu yang aku selalu bi"
"561","rtr buat bisnis nyekek rakyatdi tengah ndemi jika mmg ada bisnis jahat ini aku setuju jika ini diberantas oleh"
"562","rtr buat bisnis nyekek rakyatdi tengah ndemi jika mmg ada bisnis jahat ini aku setuju jika ini diberantas oleh"
"563","rtr yang dituskan merintah disebut merukan ketusan dari rat terbatas ratas termasuk esiden joko widodo rat"
"564","rtharusnya merintah tahu jangan berbisnis sama rakyat negara tidak boleh berbisnis sama rakyatnya itu yang aku selalu bi"
"565","rtharusnya merintah tahu jangan berbisnis sama rakyat negara tidak boleh berbisnis sama rakyatnya itu yang aku selalu bi"
"566","rtharusnya merintah tahu jangan berbisnis sama rakyat negara tidak boleh berbisnis sama rakyatnya itu yang aku selalu bi"
"567","rtharusnya merintah tahu jangan berbisnis sama rakyat negara tidak boleh berbisnis sama rakyatnya itu yang aku selalu bi"
"568","rtharusnya merintah tahu jangan berbisnis sama rakyat negara tidak boleh berbisnis sama rakyatnya itu yang aku selalu bi"
"569","rtharusnya merintah tahu jangan berbisnis sama rakyat negara tidak boleh berbisnis sama rakyatnya itu yang aku selalu bi"
"570","rtharusnya merintah tahu jangan berbisnis sama rakyat negara tidak boleh berbisnis sama rakyatnya itu yang aku selalu bi"
"571","rtharusnya merintah tahu jangan berbisnis sama rakyat negara tidak boleh berbisnis sama rakyatnya itu yang aku selalu bi"
"572","rtr buat bisnis nyekek rakyatdi tengah ndemi jika mmg ada bisnis jahat ini aku setuju jika ini diberantas oleh"
"573","rtharusnya merintah tahu jangan berbisnis sama rakyat negara tidak boleh berbisnis sama rakyatnya itu yang aku selalu bi"
"574","gmn klo yg cari sensasi jstru merintah kyk esiden trekan si sirkuit yg msh blm lunas ganti rug "
"575","rterick thohir telah meninggalkan semua jabatan non merintah sejak di tunjuk esiden jokowi menjadi orang nomor satu d"
"576","harusnya merintah tahu jangan berbisnis sama rakyat negara tidak boleh berbisnis sama rakyatnya itu yang aku "
"577","rterick thohir telah meninggalkan semua jabatan non merintah sejak di tunjuk esiden jokowi menjadi orang nomor satu d"
"578","rtbisnis r ini memang hrs di klarifikasi krn runtukan nya bagi masyarakat banyak dan sdh barang tentu menjadi sumber fitn"
"579","rtr buat bisnis nyekek rakyatdi tengah ndemi jika mmg ada bisnis jahat ini aku setuju jika ini diberantas oleh"
"580","rterick thohir telah meninggalkan semua jabatan non merintah sejak di tunjuk esiden jokowi menjadi orang nomor satu d"
"581","rterick thohir telah meninggalkan semua jabatan non merintah sejak di tunjuk esiden jokowi menjadi orang nomor satu d"
"582","rtmerintah belum bisa menurunkan tarif tes r dari biaya saat ini sebesar r sami r ribu litikus mengkritik"
"583","rterick thohir telah meninggalkan semua jabatan non merintah sejak di tunjuk esiden jokowi menjadi orang nomor satu d"
"584","rterick thohir telah meninggalkan semua jabatan non merintah sejak di tunjuk esiden jokowi menjadi orang nomor satu d"
"585","rterick thohir telah meninggalkan semua jabatan non merintah sejak di tunjuk esiden jokowi menjadi orang nomor satu d"
"586","rterick thohir telah meninggalkan semua jabatan non merintah sejak di tunjuk esiden jokowi menjadi orang nomor satu d"
"587","rterick thohir telah meninggalkan semua jabatan non merintah sejak di tunjuk esiden jokowi menjadi orang nomor satu d"
"588","rterick thohir telah meninggalkan semua jabatan non merintah sejak di tunjuk esiden jokowi menjadi orang nomor satu d"
"589","erick thohir telah meninggalkan semua jabatan non merintah sejak di tunjuk esiden jokowi menjadi orang nomor sa "
"590","rtr buat bisnis nyekek rakyatdi tengah ndemi jika mmg ada bisnis jahat ini aku setuju jika ini diberantas oleh"
"591","rtr buat bisnis nyekek rakyatdi tengah ndemi jika mmg ada bisnis jahat ini aku setuju jika ini diberantas oleh"
"592","rtr buat bisnis nyekek rakyatdi tengah ndemi jika mmg ada bisnis jahat ini aku setuju jika ini diberantas oleh"
"593","rtr buat bisnis nyekek rakyatdi tengah ndemi jika mmg ada bisnis jahat ini aku setuju jika ini diberantas oleh"
"594","rtsobat yg dirsoalkan dari skandal rnyalahgunaan kekuasaan yg libatkan jabat yg rangkabisnis rhar"
"595","rtr buat bisnis nyekek rakyatdi tengah ndemi jika mmg ada bisnis jahat ini aku setuju jika ini diberantas oleh"
"596","rtsobat yg dirsoalkan dari skandal rnyalahgunaan kekuasaan yg libatkan jabat yg rangkabisnis rhar"
"597","rtr buat bisnis nyekek rakyatdi tengah ndemi jika mmg ada bisnis jahat ini aku setuju jika ini diberantas oleh"
"598","rtr buat bisnis nyekek rakyatdi tengah ndemi jika mmg ada bisnis jahat ini aku setuju jika ini diberantas oleh"
"599","rtmerintah belum bisa menurunkan tarif tes r dari biaya saat ini sebesar r sami r ribu litikus mengkritik"
"600","rtr buat bisnis nyekek rakyatdi tengah ndemi jika mmg ada bisnis jahat ini aku setuju jika ini diberantas oleh"
"601","rtr buat bisnis nyekek rakyatdi tengah ndemi jika mmg ada bisnis jahat ini aku setuju jika ini diberantas oleh"
"602","rtr buat bisnis nyekek rakyatdi tengah ndemi jika mmg ada bisnis jahat ini aku setuju jika ini diberantas oleh"
"603","anda luhut nadiem adalah sasaran tembak merekahl di skesmas r gratis loo yaa begitulah "
"604","rtr buat bisnis nyekek rakyatdi tengah ndemi jika mmg ada bisnis jahat ini aku setuju jika ini diberantas oleh"
"605","rtsobat yg dirsoalkan dari skandal rnyalahgunaan kekuasaan yg libatkan jabat yg rangkabisnis rhar"
"606","rtr buat bisnis nyekek rakyatdi tengah ndemi jika mmg ada bisnis jahat ini aku setuju jika ini diberantas oleh"
"607","rtr buat bisnis nyekek rakyatdi tengah ndemi jika mmg ada bisnis jahat ini aku setuju jika ini diberantas oleh"
"608","rtr buat bisnis nyekek rakyatdi tengah ndemi jika mmg ada bisnis jahat ini aku setuju jika ini diberantas oleh"
"609","rtr yang dituskan merintah disebut merukan ketusan dari rat terbatas ratas termasuk esiden joko widodo rat"
"610","rtr buat bisnis nyekek rakyatdi tengah ndemi jika mmg ada bisnis jahat ini aku setuju jika ini diberantas oleh"
"611","rtsobat yg dirsoalkan dari skandal rnyalahgunaan kekuasaan yg libatkan jabat yg rangkabisnis rhar"
"612","rtr buat bisnis nyekek rakyatdi tengah ndemi jika mmg ada bisnis jahat ini aku setuju jika ini diberantas oleh"
"613","jabat juga tidak nya etika moral menjadi merintahbisnis r"
"614","rtket r tdk dikluarkan oleh menteri bumnjg tdk menunjuk lab trtentu utk melakukan r klo brani"
"615","rtr buat bisnis nyekek rakyatdi tengah ndemi jika mmg ada bisnis jahat ini aku setuju jika ini diberantas oleh"
"616","rtr buat bisnis nyekek rakyatdi tengah ndemi jika mmg ada bisnis jahat ini aku setuju jika ini diberantas oleh"
"617","rtfakta nya sejak ada intervensi dari merintah harga r jauh lebih turun di bandingkan sebelumnyal"
"618","rtsobat yg dirsoalkan dari skandal rnyalahgunaan kekuasaan yg libatkan jabat yg rangkabisnis rhar"
"619","rtr buat bisnis nyekek rakyatdi tengah ndemi jika mmg ada bisnis jahat ini aku setuju jika ini diberantas oleh"
"620","rtr buat bisnis nyekek rakyatdi tengah ndemi jika mmg ada bisnis jahat ini aku setuju jika ini diberantas oleh"
"621","rtsobat yg dirsoalkan dari skandal rnyalahgunaan kekuasaan yg libatkan jabat yg rangkabisnis rhar"
"622","di tengah hingar bingar kekacauan merintah mengelola negara muncullah survei bisnis r deforesta "
"623","rtr buat bisnis nyekek rakyatdi tengah ndemi jika mmg ada bisnis jahat ini aku setuju jika ini diberantas oleh"
"624","rtr buat bisnis nyekek rakyatdi tengah ndemi jika mmg ada bisnis jahat ini aku setuju jika ini diberantas oleh"
"625","rtmerintah belum bisa menurunkan tarif tes r dari biaya saat ini sebesar r sami r ribu litikus mengkritik"
"626","mestinya merintah tau sia saja yg terlibat bisnis r ta anehnya sengaja disembunyikan"
"627","rtr buat bisnis nyekek rakyatdi tengah ndemi jika mmg ada bisnis jahat ini aku setuju jika ini diberantas oleh"
"628","fakta nya sejak ada intervensi dari merintah harga r jauh lebih turun di bandingkan sebelumnya "
"629","rtr buat bisnis nyekek rakyatdi tengah ndemi jika mmg ada bisnis jahat ini aku setuju jika ini diberantas oleh"
"630","rtsobat yg dirsoalkan dari skandal rnyalahgunaan kekuasaan yg libatkan jabat yg rangkabisnis rhar"
"631","rtr buat bisnis nyekek rakyatdi tengah ndemi jika mmg ada bisnis jahat ini aku setuju jika ini diberantas oleh"
"632","rtsobat yg dirsoalkan dari skandal rnyalahgunaan kekuasaan yg libatkan jabat yg rangkabisnis rhar"
"633","rtr buat bisnis nyekek rakyatdi tengah ndemi jika mmg ada bisnis jahat ini aku setuju jika ini diberantas oleh"
"634","rtr buat bisnis nyekek rakyatdi tengah ndemi jika mmg ada bisnis jahat ini aku setuju jika ini diberantas oleh"
"635","rtr buat bisnis nyekek rakyatdi tengah ndemi jika mmg ada bisnis jahat ini aku setuju jika ini diberantas oleh"
"636","rtr buat bisnis nyekek rakyatdi tengah ndemi jika mmg ada bisnis jahat ini aku setuju jika ini diberantas oleh"
"637","rtsobat yg dirsoalkan dari skandal rnyalahgunaan kekuasaan yg libatkan jabat yg rangkabisnis rhar"
"638","rtsobat yg dirsoalkan dari skandal rnyalahgunaan kekuasaan yg libatkan jabat yg rangkabisnis rhar"
"639","rtsobat yg dirsoalkan dari skandal rnyalahgunaan kekuasaan yg libatkan jabat yg rangkabisnis rhar"
"640","rtr yang dituskan merintah disebut merukan ketusan dari rat terbatas ratas termasuk esiden joko widodo rat"
"641","rtr buat bisnis nyekek rakyatdi tengah ndemi jika mmg ada bisnis jahat ini aku setuju jika ini diberantas oleh"
"642","rtr buat bisnis nyekek rakyatdi tengah ndemi jika mmg ada bisnis jahat ini aku setuju jika ini diberantas oleh"
"643","rtr buat bisnis nyekek rakyatdi tengah ndemi jika mmg ada bisnis jahat ini aku setuju jika ini diberantas oleh"
"644","rtbisnis r ini memang hrs di klarifikasi krn runtukan nya bagi masyarakat banyak dan sdh barang tentu menjadi sumber fitn"
"645","rtr buat bisnis nyekek rakyatdi tengah ndemi jika mmg ada bisnis jahat ini aku setuju jika ini diberantas oleh"
"646","rtr buat bisnis nyekek rakyatdi tengah ndemi jika mmg ada bisnis jahat ini aku setuju jika ini diberantas oleh"
"647","rtbisnis r ini memang hrs di klarifikasi krn runtukan nya bagi masyarakat banyak dan sdh barang tentu menjadi sumber fitn"
"648","teraan okes divaksindi r tak menjamin amanbebas dari virus covid tingkat akurasinyalalu buat "
"649","r yang dituskan merintah disebut merukan ketusan dari rat terbatas ratas termasuk esiden joko widod "
"650","rtsobat yg dirsoalkan dari skandal rnyalahgunaan kekuasaan yg libatkan jabat yg rangkabisnis rhar"
"651","rtr buat bisnis nyekek rakyatdi tengah ndemi jika mmg ada bisnis jahat ini aku setuju jika ini diberantas oleh"
"652","rtr buat bisnis nyekek rakyatdi tengah ndemi jika mmg ada bisnis jahat ini aku setuju jika ini diberantas oleh"
"653","rtr buat bisnis nyekek rakyatdi tengah ndemi jika mmg ada bisnis jahat ini aku setuju jika ini diberantas oleh"
"654","rtbisnis r ini memang hrs di klarifikasi krn runtukan nya bagi masyarakat banyak dan sdh barang tentu menjadi sumber fitn"
"655","rtbisnis r ini memang hrs di klarifikasi krn runtukan nya bagi masyarakat banyak dan sdh barang tentu menjadi sumber fitn"
"656","rtbisnis r ini memang hrs di klarifikasi krn runtukan nya bagi masyarakat banyak dan sdh barang tentu menjadi sumber fitn"
"657","rtbisnis r ini memang hrs di klarifikasi krn runtukan nya bagi masyarakat banyak dan sdh barang tentu menjadi sumber fitn"
"658"," kelihatan nik l sama lsmmakanya menjadi seorang jabat merintah jgn rskusjgn mem "
"659","rtr buat bisnis nyekek rakyatdi tengah ndemi jika mmg ada bisnis jahat ini aku setuju jika ini diberantas oleh"
"660","rtsobat yg dirsoalkan dari skandal rnyalahgunaan kekuasaan yg libatkan jabat yg rangkabisnis rhar"
"661","rtr buat bisnis nyekek rakyatdi tengah ndemi jika mmg ada bisnis jahat ini aku setuju jika ini diberantas oleh"
"662","rtr buat bisnis nyekek rakyatdi tengah ndemi jika mmg ada bisnis jahat ini aku setuju jika ini diberantas oleh"
"663","bukan soal ambil untung atw tidakta lbitu jabat merintah sdgnknbisnis r berbentu "
"664","rtbisnis r ini memang hrs di klarifikasi krn runtukan nya bagi masyarakat banyak dan sdh barang tentu menjadi sumber fitn"
"665","rtr buat bisnis nyekek rakyatdi tengah ndemi jika mmg ada bisnis jahat ini aku setuju jika ini diberantas oleh"
"666","ket r tdk dikluarkan oleh menteri bumnjg tdk menunjuk lab trtentu utk melakukan r k "
"667","rtr buat bisnis nyekek rakyatdi tengah ndemi jika mmg ada bisnis jahat ini aku setuju jika ini diberantas oleh"
"668","rtr buat bisnis nyekek rakyatdi tengah ndemi jika mmg ada bisnis jahat ini aku setuju jika ini diberantas oleh"
"669","rtr buat bisnis nyekek rakyatdi tengah ndemi jika mmg ada bisnis jahat ini aku setuju jika ini diberantas oleh"
"670","rtbisnis r ini memang hrs di klarifikasi krn runtukan nya bagi masyarakat banyak dan sdh barang tentu menjadi sumber fitn"
"671","rtbisnis r ini memang hrs di klarifikasi krn runtukan nya bagi masyarakat banyak dan sdh barang tentu menjadi sumber fitn"
"672","rtbisnis r ini memang hrs di klarifikasi krn runtukan nya bagi masyarakat banyak dan sdh barang tentu menjadi sumber fitn"
"673","rtbisnis r ini memang hrs di klarifikasi krn runtukan nya bagi masyarakat banyak dan sdh barang tentu menjadi sumber fitn"
"674","rtbisnis r ini memang hrs di klarifikasi krn runtukan nya bagi masyarakat banyak dan sdh barang tentu menjadi sumber fitn"
"675","rtbisnis r ini memang hrs di klarifikasi krn runtukan nya bagi masyarakat banyak dan sdh barang tentu menjadi sumber fitn"
"676","rtbisnis r ini memang hrs di klarifikasi krn runtukan nya bagi masyarakat banyak dan sdh barang tentu menjadi sumber fitn"
"677","rtbisnis r ini memang hrs di klarifikasi krn runtukan nya bagi masyarakat banyak dan sdh barang tentu menjadi sumber fitn"
"678","rtbisnis r ini memang hrs di klarifikasi krn runtukan nya bagi masyarakat banyak dan sdh barang tentu menjadi sumber fitn"
"679","rtbisnis r ini memang hrs di klarifikasi krn runtukan nya bagi masyarakat banyak dan sdh barang tentu menjadi sumber fitn"
"680","bisnis r ini memang hrs di klarifikasi krn runtukan nya bagi masyarakat banyak dan sdh barang tentu menjadi sum "
"681","rtr buat bisnis nyekek rakyatdi tengah ndemi jika mmg ada bisnis jahat ini aku setuju jika ini diberantas oleh"
"682","rtr buat bisnis nyekek rakyatdi tengah ndemi jika mmg ada bisnis jahat ini aku setuju jika ini diberantas oleh"
"683","rtsosok erick thohir selalu serius dan concern mengawal uyauya merintahberrang melawan ndemi covid masih aj"
"684","rtr buat bisnis nyekek rakyatdi tengah ndemi jika mmg ada bisnis jahat ini aku setuju jika ini diberantas oleh"
"685","rtsosok erick thohir selalu serius dan concern mengawal uyauya merintahberrang melawan ndemi covid masih aj"
"686","rtr buat bisnis nyekek rakyatdi tengah ndemi jika mmg ada bisnis jahat ini aku setuju jika ini diberantas oleh"
"687","rt"
"688","rtr buat bisnis nyekek rakyatdi tengah ndemi jika mmg ada bisnis jahat ini aku setuju jika ini diberantas oleh"
"689","jika jabat merintah yg beritakan berita tidak benar diriksa juga donk misalnya ucan rtama "
"690","rtr buat bisnis nyekek rakyatdi tengah ndemi jika mmg ada bisnis jahat ini aku setuju jika ini diberantas oleh"
"691","rtr buat bisnis nyekek rakyatdi tengah ndemi jika mmg ada bisnis jahat ini aku setuju jika ini diberantas oleh"
"692","rtr buat bisnis nyekek rakyatdi tengah ndemi jika mmg ada bisnis jahat ini aku setuju jika ini diberantas oleh"
"693","rtr buat bisnis nyekek rakyatdi tengah ndemi jika mmg ada bisnis jahat ini aku setuju jika ini diberantas oleh"
"694","demobisnisr kebijakan merintah n semakin membingungkan salah satunya kebijakan mengenai ketetan harga "
"695","rtr buat bisnis nyekek rakyatdi tengah ndemi jika mmg ada bisnis jahat ini aku setuju jika ini diberantas oleh"
"696","rtr buat bisnis nyekek rakyatdi tengah ndemi jika mmg ada bisnis jahat ini aku setuju jika ini diberantas oleh"
"697","rtr buat bisnis nyekek rakyatdi tengah ndemi jika mmg ada bisnis jahat ini aku setuju jika ini diberantas oleh"
"698","rtr buat bisnis nyekek rakyatdi tengah ndemi jika mmg ada bisnis jahat ini aku setuju jika ini diberantas oleh"
"699","rtr buat bisnis nyekek rakyatdi tengah ndemi jika mmg ada bisnis jahat ini aku setuju jika ini diberantas oleh"
"700","rtr buat bisnis nyekek rakyatdi tengah ndemi jika mmg ada bisnis jahat ini aku setuju jika ini diberantas oleh"
"701","rtmerintah belum bisa menurunkan tarif tes r dari biaya saat ini sebesar r sami r ribu litikus mengkritik"
"702","rtr buat bisnis nyekek rakyatdi tengah ndemi jika mmg ada bisnis jahat ini aku setuju jika ini diberantas oleh"
"703","rtr buat bisnis nyekek rakyatdi tengah ndemi jika mmg ada bisnis jahat ini aku setuju jika ini diberantas oleh"
"704","rtr buat bisnis nyekek rakyatdi tengah ndemi jika mmg ada bisnis jahat ini aku setuju jika ini diberantas oleh"
"705","rtr buat bisnis nyekek rakyatdi tengah ndemi jika mmg ada bisnis jahat ini aku setuju jika ini diberantas oleh"
"706","rtr buat bisnis nyekek rakyatdi tengah ndemi jika mmg ada bisnis jahat ini aku setuju jika ini diberantas oleh"
"707","rtr buat bisnis nyekek rakyatdi tengah ndemi jika mmg ada bisnis jahat ini aku setuju jika ini diberantas oleh"
"708","rtsosok erick thohir selalu serius dan concern mengawal uyauya merintahberrang melawan ndemi covid masih aj"
"709","rtsosok erick thohir selalu serius dan concern mengawal uyauya merintahberrang melawan ndemi covid masih aj"
"710","rtsobat yg dirsoalkan dari skandal rnyalahgunaan kekuasaan yg libatkan jabat yg rangkabisnis rhar"
"711","rtr buat bisnis nyekek rakyatdi tengah ndemi jika mmg ada bisnis jahat ini aku setuju jika ini diberantas oleh"
"712","rtr buat bisnis nyekek rakyatdi tengah ndemi jika mmg ada bisnis jahat ini aku setuju jika ini diberantas oleh"
"713","rtr buat bisnis nyekek rakyatdi tengah ndemi jika mmg ada bisnis jahat ini aku setuju jika ini diberantas oleh"
"714","rtr buat bisnis nyekek rakyatdi tengah ndemi jika mmg ada bisnis jahat ini aku setuju jika ini diberantas oleh"
"715","rtr buat bisnis nyekek rakyatdi tengah ndemi jika mmg ada bisnis jahat ini aku setuju jika ini diberantas oleh"
"716","rtr buat bisnis nyekek rakyatdi tengah ndemi jika mmg ada bisnis jahat ini aku setuju jika ini diberantas oleh"
"717","rtr buat bisnis nyekek rakyatdi tengah ndemi jika mmg ada bisnis jahat ini aku setuju jika ini diberantas oleh"
"718","rtr buat bisnis nyekek rakyatdi tengah ndemi jika mmg ada bisnis jahat ini aku setuju jika ini diberantas oleh"
"719","rtr buat bisnis nyekek rakyatdi tengah ndemi jika mmg ada bisnis jahat ini aku setuju jika ini diberantas oleh"
"720","rtr buat bisnis nyekek rakyatdi tengah ndemi jika mmg ada bisnis jahat ini aku setuju jika ini diberantas oleh"
"721","rtr buat bisnis nyekek rakyatdi tengah ndemi jika mmg ada bisnis jahat ini aku setuju jika ini diberantas oleh"
"722","r buat bisnis nyekek rakyatdi tengah ndemi jika mmg ada bisnis jahat ini aku setuju jika ini diberantas "
"723","rtmerintah belum bisa menurunkan tarif tes r dari biaya saat ini sebesar r sami r ribu litikus mengkritik"
"724","rtsobat yg dirsoalkan dari skandal rnyalahgunaan kekuasaan yg libatkan jabat yg rangkabisnis rhar"
"725","rtsobat yg dirsoalkan dari skandal rnyalahgunaan kekuasaan yg libatkan jabat yg rangkabisnis rhar"
"726","rtsosok erick thohir selalu serius dan concern mengawal uyauya merintahberrang melawan ndemi covid masih aj"
"727","rtmerintah belum bisa menurunkan tarif tes r dari biaya saat ini sebesar r sami r ribu litikus mengkritik"
"728","rtsobat yg dirsoalkan dari skandal rnyalahgunaan kekuasaan yg libatkan jabat yg rangkabisnis rhar"
"729","rtmerintah belum bisa menurunkan tarif tes r dari biaya saat ini sebesar r sami r ribu litikus mengkritik"
"730","rtmerintah belum bisa menurunkan tarif tes r dari biaya saat ini sebesar r sami r ribu litikus mengkritik"
"731","rtmerintah belum bisa menurunkan tarif tes r dari biaya saat ini sebesar r sami r ribu litikus mengkritik"
"732","rtsobat yg dirsoalkan dari skandal rnyalahgunaan kekuasaan yg libatkan jabat yg rangkabisnis rhar"
"733","rtsosok erick thohir selalu serius dan concern mengawal uyauya merintahberrang melawan ndemi covid masih aj"
"734","rtsosok erick thohir selalu serius dan concern mengawal uyauya merintahberrang melawan ndemi covid masih aj"
"735","rtmerintah belum bisa menurunkan tarif tes r dari biaya saat ini sebesar r sami r ribu litikus mengkritik"
"736","rtmerintah belum bisa menurunkan tarif tes r dari biaya saat ini sebesar r sami r ribu litikus mengkritik"
"737","rtmerintah belum bisa menurunkan tarif tes r dari biaya saat ini sebesar r sami r ribu litikus mengkritik"
"738","merintah belum bisa menurunkan tarif tes r dari biaya saat ini sebesar r sami r ribu litikus men "
"739","rtsosok erick thohir selalu serius dan concern mengawal uyauya merintahberrang melawan ndemi covid masih aj"
"740","rtsosok erick thohir selalu serius dan concern mengawal uyauya merintahberrang melawan ndemi covid masih aj"
"741","rtsosok erick thohir selalu serius dan concern mengawal uyauya merintahberrang melawan ndemi covid masih aj"
"742","rtsosok erick thohir selalu serius dan concern mengawal uyauya merintahberrang melawan ndemi covid masih aj"
"743","rtsosok erick thohir selalu serius dan concern mengawal uyauya merintahberrang melawan ndemi covid masih aj"
"744","rtsosok erick thohir selalu serius dan concern mengawal uyauya merintahberrang melawan ndemi covid masih aj"
"745","rtsobat yg dirsoalkan dari skandal rnyalahgunaan kekuasaan yg libatkan jabat yg rangkabisnis rhar"
"746","rtsobat yg dirsoalkan dari skandal rnyalahgunaan kekuasaan yg libatkan jabat yg rangkabisnis rhar"
"747","rtsosok erick thohir selalu serius dan concern mengawal uyauya merintahberrang melawan ndemi covid masih aj"
"748","rtsobat yg dirsoalkan dari skandal rnyalahgunaan kekuasaan yg libatkan jabat yg rangkabisnis rhar"
"749","sosok erick thohir selalu serius dan concern mengawal uyauya merintahberrang melawan ndemi covid m "
"750","rtsobat yg dirsoalkan dari skandal rnyalahgunaan kekuasaan yg libatkan jabat yg rangkabisnis rhar"
"751","rtsobat yg dirsoalkan dari skandal rnyalahgunaan kekuasaan yg libatkan jabat yg rangkabisnis rhar"
"752","rtsobat yg dirsoalkan dari skandal rnyalahgunaan kekuasaan yg libatkan jabat yg rangkabisnis rhar"
"753","sobat yg dirsoalkan dari skandal rnyalahgunaan kekuasaan yg libatkan jabat yg rangkabisnis r"
"754","rtmerintah belum bisa menurunkan tarif tes r dari biaya saat ini sebesar r sami r ribu litikus mengkritik"
"755","rtmerintah belum bisa menurunkan tarif tes r dari biaya saat ini sebesar r sami r ribu litikus mengkritik"
"756","erwinaksahasil weberwin aksa kenakan jusuf kalla di balik bisn "
"757","rtmerintah belum bisa menurunkan tarif tes r dari biaya saat ini sebesar r sami r ribu litikus mengkritik"
"758","rtmerintah belum bisa menurunkan tarif tes r dari biaya saat ini sebesar r sami r ribu litikus mengkritik"
"759","ndat yang jelas berbeda karena berada dikubu merintah dulu bela rakyat demi rakyat sekarang bela oligarki "
"760","rtmerintah belum bisa menurunkan tarif tes r dari biaya saat ini sebesar r sami r ribu litikus mengkritik"
"761","rtmerintah belum bisa menurunkan tarif tes r dari biaya saat ini sebesar r sami r ribu litikus mengkritik"
"762","kalau merintah tidak mau di kritik mundur ajalebih baik bisnis r banyak duitnya"
"763","rtmerintah belum bisa menurunkan tarif tes r dari biaya saat ini sebesar r sami r ribu litikus mengkritik"
"764","rtmerintah belum bisa menurunkan tarif tes r dari biaya saat ini sebesar r sami r ribu litikus mengkritik"
"765","merintah belum bisa menurunkan tarif tes r dari biaya saat ini sebesar r sami r ribu litikus men "
"766","bahwa ketika anda ingin membuat hukum dalam bentuk ogram kebijakan mbangunan merintahanda sudah meng "
"767","bahwa ketika anda ingin membuat hukum dalam bent "
"768","bahwa ketika anda ingin membuat hukum dalam bentuk ogram kebijakan mbangunan merintahanda sudah meng "
"769","bahwa ketika anda ingin membuat hukum dalam bentuk ogram kebijakan mbangunan merintahanda sudah meng "
"770","bahwa ketika anda ingin membuat hukum dalam bentuk ogram kebijakan mbangunan merintah"
"771","rtbisnis r membuat gelombang ndemi tak rnah surut dan akan melahirkan ribuan varian virus barusetiamerintah di n"
"772","jadigsi orentasinya sosial bukan bisnis dan itu sdh diklarifikasi oleh ketua kadin mereka ternggil gotong "
"773","rtbisnis r membuat gelombang ndemi tak rnah surut dan akan melahirkan ribuan varian virus barusetiamerintah di n"
"774","rtorang di luar merintah mah menurut saya sih ok aja bisnis rlagian juga utk memudahkan akses masyaraka"
"775","a omsebegitu sakitnyax dicat jdi komisaris bumn sam menggadaikan akal sehatnya d "
"776","rtasyik babak baru bisnis r antigen dan swab yang sti uu masih bisa digunakan dan selalu digunakan untuk menam"
"777","rtbisnis r membuat gelombang ndemi tak rnah surut dan akan melahirkan ribuan varian virus barusetiamerintah di n"
"778","lsm duit dari merintah dan ada dari luar negeri saya juga gak suka lsm teta ya audit dulu di "
"779","rtbisnis r membuat gelombang ndemi tak rnah surut dan akan melahirkan ribuan varian virus barusetiamerintah di n"
"780","rtbisnis r membuat gelombang ndemi tak rnah surut dan akan melahirkan ribuan varian virus barusetiamerintah di n"
"781","rtbisnis r membuat gelombang ndemi tak rnah surut dan akan melahirkan ribuan varian virus barusetiamerintah di n"
"782","rtbisnis r membuat gelombang ndemi tak rnah surut dan akan melahirkan ribuan varian virus barusetiamerintah di n"
"783","rtbiar kami jelaslan agar otak imutmu hamakibat terbongkarnya luhut nya bisnis r ini maka an kebija"
"784","rtbisnis r membuat gelombang ndemi tak rnah surut dan akan melahirkan ribuan varian virus barusetiamerintah di n"
"785","rtbisnis r membuat gelombang ndemi tak rnah surut dan akan melahirkan ribuan varian virus barusetiamerintah di n"
"786","rtbisnis r membuat gelombang ndemi tak rnah surut dan akan melahirkan ribuan varian virus barusetiamerintah di n"
"787","rtasyik babak baru bisnis r antigen dan swab yang sti uu masih bisa digunakan dan selalu digunakan untuk menam"
"788","rtasyik babak baru bisnis r antigen dan swab yang sti uu masih bisa digunakan dan selalu digunakan untuk menam"
"789","rtbisnis r membuat gelombang ndemi tak rnah surut dan akan melahirkan ribuan varian virus barusetiamerintah di n"
"790","rtbisnis r membuat gelombang ndemi tak rnah surut dan akan melahirkan ribuan varian virus barusetiamerintah di n"
"791","rtbisnis r membuat gelombang ndemi tak rnah surut dan akan melahirkan ribuan varian virus barusetiamerintah di n"
"792","rtbisnis r membuat gelombang ndemi tak rnah surut dan akan melahirkan ribuan varian virus barusetiamerintah di n"
"793","rtbisnis r membuat gelombang ndemi tak rnah surut dan akan melahirkan ribuan varian virus barusetiamerintah di n"
"794","rtbisnis r membuat gelombang ndemi tak rnah surut dan akan melahirkan ribuan varian virus barusetiamerintah di n"
"795","bisnis r membuat gelombang ndemi tak rnah surut dan akan melahirkan ribuan varian virus barusetiamerin "
"796","rtasyik babak baru bisnis r antigen dan swab yang sti uu masih bisa digunakan dan selalu digunakan untuk menam"
